site_id,site_name,site_phase,context,lab_id,material,taxon,cra,error,d13C,source,additional_references,outlier,hygiene_c1,hygiene_c2,hygience_c3,hygiene_c4,hygiene_c5,hygiene_a1,hygiene_a2,hygiene_a3,hygiene_a4,hygiene_sum,remarks
,Abadah,,level II-III,BM-1823,charcoal,,5770,45,,Bohner2004-ba,Burleigh et al. 1982b,FALSE,,,,,,,,,,,
,Abadah,,level I,BM-1822,charcoal,,31000,1250,,Bohner2004-ba,Burleigh et al. 1982b,TRUE,,,,,,,,,,,
TCEC185,Ali Agha,,,P-1499,charcoal,,6927,63,,Bohner2004-ba,Lawn 1973,FALSE,,,,,,,,,,,
TCEC186,Ali Kosh,BM,,B-108256,unknown,,8000,50,,Bohner2004-ba,Zeder & Hesse 2000,FALSE,,,,,,,,,,,
TCEC186,Ali Kosh,MJ,,B-118719,unknown,,8130,70,,Bohner2004-ba,Zeder & Hesse 2000,FALSE,,,,,,,,,,,
TCEC186,Ali Kosh,,,B-118720,unknown,,8140,70,,Bohner2004-ba,Zeder & Hesse 2000,FALSE,,,,,,,,,,,
TCEC186,Ali Kosh,AK,,B-118722,unknown,,8110,80,,Bohner2004-ba,Zeder & Hesse 2000,FALSE,,,,,,,,,,,
TCEC186,Ali Kosh,,,B-118723,unknown,,8490,90,,Bohner2004-ba,Zeder & Hesse 2000,FALSE,,,,,,,,,,,
TCEC186,Ali Kosh,,,B-118724,unknown,,8340,100,,Bohner2004-ba,Zeder & Hesse 2000,FALSE,,,,,,,,,,,
TCEC186,Ali Kosh,,,B-122721,unknown,,8540,90,,Bohner2004-ba,Zeder & Hesse 2000,FALSE,,,,,,,,,,,
TCEC186,Ali Kosh,,,H-1833,charcoal,,8425,180,,Bohner2004-ba,"Hole et al. 1969, Hole 1987",FALSE,,,,,,,,,,,
TCEC186,Ali Kosh,,,H-1845,unknown,,8250,175,,Bohner2004-ba,"Hole et al. 1969, Hole 1987",FALSE,,,,,,,,,,,
TCEC186,Ali Kosh,,,H-1848,unknown,,7770,330,,Bohner2004-ba,"Hole et al. 1969, Hole 1987",FALSE,,,,,,,,,,,
TCEC186,Ali Kosh,,,I-1489,plant remains,,7660,170,,Bohner2004-ba,"Buckley et al. 1968, Hole et al. 1969, Hole 1987",FALSE,,,,,,,,,,,
TCEC186,Ali Kosh,,,I-1490,charcoal,,9950,190,,Bohner2004-ba,"Hole et al. 1969, Hole 1987",FALSE,,,,,,,,,,,
TCEC186,Ali Kosh,,,I-1491,charcoal,,8100,170,,Bohner2004-ba,"Buckley et al. 1968, Barker et al. 1969, Hole et al. 1969, Hole 1987",FALSE,,,,,,,,,,,
TCEC186,Ali Kosh,,,I-1494,charcoal,,7820,190,,Bohner2004-ba,"Buckley et al. 1968, Barker et al. 1969, Hole et al. 1969, Hole 1987",FALSE,,,,,,,,,,,
TCEC186,Ali Kosh,,,I-1495,charcoal,,7220,160,,Bohner2004-ba,"Hole et al. 1969, Hole 1987",FALSE,,,,,,,,,,,
TCEC186,Ali Kosh,,,I-1496,plant remains,,7380,130,,Bohner2004-ba,"Buckley et al. 1968, Barker et al. 1969, Hole et al. 1969, Hole 1987",FALSE,,,,,,,,,,,
TCEC186,Ali Kosh,,,O-1816,charcoal,,8425,180,,Bohner2004-ba,"Hole et al. 1969, Hole 1987",FALSE,,,,,,,,,,,
TCEC186,Ali Kosh,,,OxA-1773,bone,,7830,90,,Bohner2004-ba,Housley 1994,FALSE,,,,,,,,,,,
TCEC186,Ali Kosh,,,OxA-1774,bone,,7950,110,,Bohner2004-ba,Housley 1994,FALSE,,,,,,,,,,,
TCEC186,Ali Kosh,,,OxA-1775,bone,,7480,90,,Bohner2004-ba,Housley 1994,FALSE,,,,,,,,,,,
TCEC186,Ali Kosh,,,S-1174,charcoal,,8850,210,,Bohner2004-ba,"Hole et al. 1969, Hole 1987",FALSE,,,,,,,,,,,
TCEC186,Ali Kosh,,,S-1246,charcoal,,8410,200,,Bohner2004-ba,"Hole et al. 1969, Hole 1987",FALSE,,,,,,,,,,,
TCEC186,Ali Kosh,,,SI-160,plant remains,Prosopis sp.,8920,100,,Bohner2004-ba,"Long and Mielke 1966, Hole et al. 1969, Hole 1987",FALSE,,,,,,,,,,,
TCEC186,Ali Kosh,,,SI-160R,plant remains,Prosopis sp.,8890,200,,Bohner2004-ba,"Long and Mielke 1966, Hole et al. 1969",FALSE,,,,,,,,,,,
TCEC186,Ali Kosh,,,SI-207,charcoal,,7740,600,,Bohner2004-ba,"Long and Mielke 1967, Hole et al. 1969, Hole 1987",FALSE,,,,,,,,,,,
TCEC186,Ali Kosh,,,UCLA-750D,charcoal,,9900,200,,Bohner2004-ba,"Berger et al. 1965, Hole et al. 1969, Hole 1987",FALSE,,,,,,,,,,,
TCEC186,Ali Kosh,,AK 1052,AAR28755,Charcoal (Tamarisk),,7997,42,36.95 ± 0.19,TCEC,,FALSE,,,,,,,,,,,
TCEC186,Ali Kosh,,AK 1028,AAR28756,Charcoal (pil),,7998,42,36.95 ± 0.19,TCEC,,FALSE,,,,,,,,,,,
TCEC186,Ali Kosh,,AK 1022,AAR28757,Charcoal (ubestemt),,8038,40,36.76 ± 0.18,TCEC,,FALSE,,,,,,,,,,,
TCEC186,Ali Kosh,,AK 1145,AAR28758,Charcoal (Pistacie),,8352,45,35.36 ± 0.2,TCEC,,FALSE,,,,,,,,,,,
TCEC186,Ali Kosh,,AK 1150,AAR28759,Charcoal (Pistacie),,8440,44,34.97 ± 0.19,TCEC,,FALSE,,,,,,,,,,,
TCEC186,Ali Kosh,,AK 1079,AAR28760,Organic material,,8021,44,36.84 ± 0.2,TCEC,,FALSE,,,,,,,,,,,
TCEC186,Ali Kosh,,AK 1114,AAR28761,Charcoal (Tamarisk),,8410,38,35.1 ± 0.17,TCEC,,FALSE,,,,,,,,,,,
TCEC186,Ali Kosh,,AK 1062,AAR28762,Charcoal (Tamarisk),,7997,41,36.95 ± 0.19,TCEC,,FALSE,,,,,,,,,,,
TCEC186,Ali Kosh,,AK 1003,AAR28763,Organic material,,37895,357,0.89 ± 0.04,TCEC,,TRUE,,,,,,,,,,,
,Aqab,,,Beta-536,,,6160,70,,Bohner2004-ba,Watkins and Campbell 1987,FALSE,,,,,,,,,,,
TCEC187,Arpachiyah,,,BM-1531,charcoal,,6930,60,,Bohner2004-ba,"Hijara et al. 1980, Burleigh et al. 1982a, Watson 1983, Bernbeck 1994",FALSE,,,,,,,,,,,
TCEC187,Arpachiyah,,,P-584,charcoal,,7027,83,,Bohner2004-ba,"Stuckenrath and Ralph 1965, Coursaget and Le Run 1966, Bernbeck 1994, Chataigner 1995",FALSE,,,,,,,,,,,
TCEC187,Arpachiyah,,,P-585,charcoal,,8064,78,,Bohner2004-ba,Stuckenrath and Ralph 1965,FALSE,,,,,,,,,,,
TCEC50,Asiab,,(2035) <2220>,AAR-26652,plant remains,,9959,30,-26.08,TCEC,TCEC,FALSE,,,,,,,,,,,
TCEC50,Asiab,,(2035) <2154>,AAR-26653,plant remains,,9980,39,-24.69,TCEC,TCEC,FALSE,,,,,,,,,,,
TCEC50,Asiab,,(2041) <2085>,AAR-26654,plant remains,,9940,37,-26.42,TCEC,TCEC,FALSE,,,,,,,,,,,
TCEC50,Asiab,,(2044) <2166>,AAR-26655,plant remains,,9917,27,-26.18,TCEC,TCEC,FALSE,,,,,,,,,,,
TCEC50,Asiab,,(2054) <2224>,AAR-26656,plant remains,,10024,50,-25.34,TCEC,TCEC,FALSE,,,,,,,,,,,
TCEC50,Asiab,,(2054) <2217>,AAR-26657,plant remains,,9900,56,-11.37,TCEC,TCEC,FALSE,,,,,,,,,,,
TCEC50,Asiab,,(2062) <2262>,AAR-26658,plant remains,,9901,41,-25.01,TCEC,TCEC,FALSE,,,,,,,,,,,
TCEC50,Asiab,,(2061) <2243>,AAR-26659,Dung?,,9912,26,-23.79,TCEC,TCEC,FALSE,,,,,,,,,,,Material uncertain
TCEC50,Asiab,,,B-159552,bone collagen,,7790,60,,Darabi2015-jm,Zeder 2008b,FALSE,,,,,,,,,,,
TCEC50,Asiab,,,B-159554,bone collagen,,9370,60,,Darabi2015-jm,Zeder 2008b,FALSE,,,,,,,,,,,
TCEC50,Asiab,,,B-159555,bone collagen,,9480,80,,Darabi2015-jm,Zeder 2008b,FALSE,,,,,,,,,,,
TCEC50,Asiab,,,GrN-6413,charcoal,,9755,85,,Darabi2015-jm,Howe 1986,FALSE,,,,,,,,,,,
TCEC50,Asiab,,,GrN-6434,charcoal,,9755,85,,Bohner2004-ba,"Howe 1983, Hole 1987, Voigt and Dyson 1992",FALSE,,,,,,,,,,,
TCEC50,Asiab,,,UCLA-1714B,bone collagen,,8900,100,,Darabi2015-jm,Howe 1984,FALSE,,,,,,,,,,,
TCEC50,Asiab,,,UCLA-1714C,bone collagen,Ovis/Capra,8700,100,,Darabi2015-jm,Howe 1983,FALSE,,,,,,,,,,,
TCEC50,Asiab,,,UCLA-1714F,bone collagen,Ovis/Capra,9050,300,,Darabi2015-jm,Howe 1985,FALSE,,,,,,,,,,,
TCEC188,Bakun B,,,P-438,charcoal,,5990,81,,Bohner2004-ba,Stuckenrath 1963,FALSE,,,,,,,,,,,
TCEC188,Bakun B,,,P-931,soil,,6246,70,,Bohner2004-ba,Stuckenrath et al. 1966,FALSE,,,,,,,,,,,
TCEC189,Banahilk,,,P-1501,soil,,6309,78,,Bohner2004-ba,"Lawn 1973, Bernbeck 1994",FALSE,,,,,,,,,,,
TCEC189,Banahilk,,,P-1502,charcoal,,6752,85,,Bohner2004-ba,"Lawn 1973, Bernbeck 1994",FALSE,,,,,,,,,,,
TCEC189,Banahilk,,,P-1504,shell,Helix,6854,72,,Bohner2004-ba,"Lawn 1973, Bernbeck 1994",FALSE,,,,,,,,,,,
,Bestansur,,,Beta-368934,bone,,8610,50,,Palmisano2017-qp,,FALSE,,,,,,,,,,,
TCEC190,Bog-i-No,,,I-1492,charcoal,,6200,140,,Bohner2004-ba,Hole et al. 1969,FALSE,,,,,,,,,,,
,Bouqras,,lev. 3-4,GrN-10589,,,7465,45,,Bohner2004-ba,Bernbeck 1994,FALSE,,,,,,,,,,,
,Bouqras,,lev. 3-4,GrN-13079,,,7485,50,,Bohner2004-ba,Bernbeck 1994,FALSE,,,,,,,,,,,
,Bouqras,,lev. 3-4,GrN-13081,,,7520,50,,Bohner2004-ba,Bernbeck 1994,FALSE,,,,,,,,,,,
,Bouqras,,lev. 3-4,GrN-13082,,,7530,50,,Bohner2004-ba,Bernbeck 1994,FALSE,,,,,,,,,,,
,Bouqras,,lev. 2,GrN-4820,charcoal,,7840,60,,Bohner2004-ba,"Vogel and Waterbolk 1967, Bernbeck 1994",FALSE,,,,,,,,,,,
,Bouqras,,lev. 2,GrN-8264,,,7860,40,,Bohner2004-ba,"Akkermans et al. 1981, Bernbeck 1994",FALSE,,,,,,,,,,,
,Bouqras,,lev. 3-4,GrN-13090,,,7880,60,,Bohner2004-ba,Bernbeck 1994,FALSE,,,,,,,,,,,
,Bouqras,,lev. 5,GrN-8260,,,7905,45,,Bohner2004-ba,"Akkermans et al. 1981, Bernbeck 1994",FALSE,,,,,,,,,,,
,Bouqras,,lev. 5,GrN-8259,,,7925,40,,Bohner2004-ba,"Akkermans et al. 1981, Bernbeck 1994",FALSE,,,,,,,,,,,
,Bouqras,,lev. 3-4,GrN-10591,,,7945,50,,Bohner2004-ba,Bernbeck 1994,FALSE,,,,,,,,,,,
,Bouqras,,lev. 4,GrN-4819,charcoal,,7960,55,,Bohner2004-ba,"Vogel and Waterbolk 1967, Bernbeck 1994",FALSE,,,,,,,,,,,
,Bouqras,,lev. 3,GrN-13099,,,8025,50,,Bohner2004-ba,Bernbeck 1994,FALSE,,,,,,,,,,,
,Bouqras,,lev. 3,GrN-13100,,,8080,50,,Bohner2004-ba,Bernbeck 1994,FALSE,,,,,,,,,,,
,Bouqras,,lev. 10,GrN-10592,,,8110,50,,Bohner2004-ba,Bernbeck 1994,FALSE,,,,,,,,,,,
,Bouqras,,lev. 4,GrN-8258,,,8115,40,,Bohner2004-ba,"Akkermans et al. 1981, Bernbeck 1994",FALSE,,,,,,,,,,,
,Bouqras,,lev. 10,GrN-4818,charcoal,,8140,60,,Bohner2004-ba,"Vogel and Waterbolk 1967, Bernbeck 1994",FALSE,,,,,,,,,,,
,Bouqras,,lev. 4,GrN-8261,,,8155,45,,Bohner2004-ba,"Akkermans et al. 1981, Bernbeck 1994",FALSE,,,,,,,,,,,
,Bouqras,,lev. 7,GrN-13101,,,8230,35,,Bohner2004-ba,Bernbeck 1994,FALSE,,,,,,,,,,,
,Bouqras,,layer I (lev. 8?),GrN-4852,charcoal,,8240,100,,Bohner2004-ba,"Vogel and Waterbolk 1967, Bernbeck 1994",FALSE,,,,,,,,,,,
,Bouqras,,lev. 9,GrN-13103,,,8285,50,,Bohner2004-ba,Bernbeck 1994,FALSE,,,,,,,,,,,
,Bouqras,,lev. 9,GrN-13104,,,8300,50,,Bohner2004-ba,Bernbeck 1994,FALSE,,,,,,,,,,,
,Bouqras,,lev. 11,GrN-8263,,,8330,80,,Bohner2004-ba,"Akkermans et al. 1981, Bernbeck 1994",FALSE,,,,,,,,,,,
,Bouqras,,lev. 8,GrN-13102,,,8345,35,,Bohner2004-ba,Bernbeck 1994,FALSE,,,,,,,,,,,
,Bouqras,,lev. 3-4,GrN-13080,,,8365,50,,Bohner2004-ba,Bernbeck 1994,FALSE,,,,,,,,,,,
,Bouqras,,lev. 9,GrN-8262,charcoal,,8380,45,,Bohner2004-ba,"Akkermans et al. 1981, Bernbeck 1994",FALSE,,,,,,,,,,,
,Bouqras,,lev. 3-4,GrN-10590,,,12230,190,,Bohner2004-ba,Bernbeck 1994,FALSE,,,,,,,,,,,
,Chagar Bazar,Halaf,niv. 11-12,P-1487,soil,,6665,77,,Bohner2004-ba,"Lawn 1973, Bernbeck 1994, Chataigner 1995",FALSE,,,,,,,,,,,
TCEC191,Chagha Sefid,,,UCLA-293,unknown,,8000,710,,Bohner2004-ba,"Hole 1977, Hole 1987",FALSE,,,,,,,,,,,
TCEC191,Chagha Sefid,,,UCLA-294,unknown,,8760,150,,Bohner2004-ba,"Hole 1977, Hole 1987",FALSE,,,,,,,,,,,
TCEC191,Chagha Sefid,,,UCLA-295,unknown,,9690,100,,Bohner2004-ba,"Hole 1977, Hole 1987",FALSE,,,,,,,,,,,
TCEC191,Chagha Sefid,,,UCLA-296,unknown,,8760,165,,Bohner2004-ba,"Hole 1977, Hole 1987",FALSE,,,,,,,,,,,
TCEC191,Chagha Sefid,,,UCLA-297,unknown,,8040,90,,Bohner2004-ba,Hole 1987,FALSE,,,,,,,,,,,
TCEC191,Chagha Sefid,,,UCLA-300,unknown,,11270,90,,Bohner2004-ba,"Hole 1977, Hole 1987",FALSE,,,,,,,,,,,
TCEC191,Chagha Sefid,,,UCLA-302,unknown,,8085,145,,Bohner2004-ba,"Hole 1977, Hole 1987",FALSE,,,,,,,,,,,
TCEC191,Chagha Sefid,,,UCLA-305,unknown,,10425,145,,Bohner2004-ba,"Hole 1977, Hole 1987",FALSE,,,,,,,,,,,
TCEC191,Chagha Sefid,,,UCLA-310,unknown,,9530,145,,Bohner2004-ba,"Hole 1977, Hole 1987",FALSE,,,,,,,,,,,
TCEC191,Chagha Sefid,,,UGa-291,unknown,,7730,110,,Bohner2004-ba,"Hole 1977, Hole 1987",FALSE,,,,,,,,,,,
TCEC192,Choga Mami,,,BM-483,charcoal,,6846,182,,Bohner2004-ba,"Oates 1972, Burleigh et al. 1977, Hole 1987, Bernbeck 1994",FALSE,,,,,,,,,,,
TCEC54,Chogha Golan,I,,Beta-335608,charcoal,,9637,54,,Darabi2015-jm,Riehl et al. 2013,FALSE,,,,,,,,,,,
TCEC54,Chogha Golan,II,,Beta-335610,,Triticum,9831,82,,Darabi2015-jm,Riehl et al. 2013,FALSE,,,,,,,,,,,
TCEC54,Chogha Golan,III,,Erl-14838,,Hordeum,9788,84,,Darabi2015-jm,Riehl et al. 2012,FALSE,,,,,,,,,,,
TCEC54,Chogha Golan,IV,,Erl-14839,,Hordeum,10037,94,,Darabi2015-jm,Riehl et al. 2012,FALSE,,,,,,,,,,,
TCEC54,Chogha Golan,III,,Erl-14840,,Poaceae,9839,81,,Darabi2015-jm,Riehl et al. 2012,FALSE,,,,,,,,,,,
TCEC54,Chogha Golan,VIII,,KIA-43836,plant remains,Hordeum,10656,53,,Darabi2015-jm,Riehl et al. 2012,FALSE,,,,,,,,,,,
TCEC54,Chogha Golan,XI,,KIA-44944,plant remains,Hordeum,11054,129,,Darabi2015-jm,Riehl et al. 2013,FALSE,,,,,,,,,,,
TCEC54,Chogha Golan,XII,,KIA-45647,plant remains,Hordeum,11740,187,,Darabi2015-jm,Riehl et al. 2013,FALSE,,,,,,,,,,,
,Dalma,,,P-503,soil,,5986,87,,Bohner2004-ba,"Stuckenrath 1963, Hole 1987, Chataigner 1995",FALSE,,,,,,,,,,,
TCEC55,East Chia Sabz,,,Erl-14835,,Fabaceae,9228,39,,Darabi2015-jm,Riehl et al. 2012,FALSE,,,,,,,,,,,
TCEC55,East Chia Sabz,,,Erl-14836,shell,Pistacia,8928,37,,Darabi2015-jm,Riehl et al. 2012,FALSE,,,,,,,,,,,
TCEC55,East Chia Sabz,,,Erl-14837,,Fabaceae,8709,37,,Darabi2015-jm,Riehl et al. 2012,FALSE,,,,,,,,,,,
TCEC55,East Chia Sabz,2026,,OxA-20994,charcoal,,8750,45,,Darabi2015-jm,Darabi et al.2012,FALSE,,,,,,,,,,,
TCEC55,East Chia Sabz,2028,,OxA-21028,charcoal,,8830,45,,Darabi2015-jm,Darabi et al.2012,FALSE,,,,,,,,,,,
TCEC55,East Chia Sabz,2037,,OxA-21029,charcoal,,8830,45,,Darabi2015-jm,Darabi et al.2012,FALSE,,,,,,,,,,,
TCEC55,East Chia Sabz,2042,,OxA-21030,charcoal,,9015,39,,Darabi2015-jm,Darabi et al.2012,FALSE,,,,,,,,,,,
TCEC55,East Chia Sabz,2044,,OxA-21031,charcoal,,9180,40,,Darabi2015-jm,Darabi et al.2012,FALSE,,,,,,,,,,,
TCEC55,East Chia Sabz,2046,,OxA-21032,charcoal,,9225,40,,Darabi2015-jm,Darabi et al.2012,FALSE,,,,,,,,,,,
,Feyda,,,AA-30508,bone (charred),,7710,85,,Palmisano2017-qp,,FALSE,,,,,,,,,,,
,Feyda,,,AA-30509,bone (charred),,7945,85,,Palmisano2017-qp,,FALSE,,,,,,,,,,,
TCEC107,Ganj Dareh,A,,B-108238,bone collagen,,8780,50,,Darabi2015-jm,Zeder & Hesse 2000,FALSE,,,,,,,,,,,
TCEC107,Ganj Dareh,B,,B-108239,bone collagen,,8930,60,,Darabi2015-jm,Zeder & Hesse 2000,FALSE,,,,,,,,,,,
TCEC107,Ganj Dareh,B,,B-108240,bone collagen,,8780,50,,Darabi2015-jm,Zeder & Hesse 2000,FALSE,,,,,,,,,,,
TCEC107,Ganj Dareh,B,,B-108241,bone collagen,,8720,50,,Darabi2015-jm,Zeder & Hesse 2000,FALSE,,,,,,,,,,,
TCEC107,Ganj Dareh,B,,B-108242,bone collagen,,8940,50,,Darabi2015-jm,Zeder & Hesse 2000,FALSE,,,,,,,,,,,
TCEC107,Ganj Dareh,C,,B-108243,bone collagen,,8920,50,,Darabi2015-jm,Zeder & Hesse 2000,FALSE,,,,,,,,,,,
TCEC107,Ganj Dareh,D,,B-108244,bone collagen,,8840,50,,Darabi2015-jm,Zeder & Hesse 2000,FALSE,,,,,,,,,,,
TCEC107,Ganj Dareh,D,,B-108245,bone collagen,,8940,50,,Darabi2015-jm,Zeder & Hesse 2000,FALSE,,,,,,,,,,,
TCEC107,Ganj Dareh,E,,B-108246,bone collagen,,8870,50,,Darabi2015-jm,Zeder & Hesse 2000,FALSE,,,,,,,,,,,
TCEC107,Ganj Dareh,E,,B-108247,bone collagen,,8830,50,,Darabi2015-jm,Zeder & Hesse 2000,FALSE,,,,,,,,,,,
TCEC107,Ganj Dareh,E,,B-108248,bone collagen,,8900,50,,Darabi2015-jm,Zeder & Hesse 2000,FALSE,,,,,,,,,,,
TCEC107,Ganj Dareh,E,,B-108249,bone collagen,,8840,50,,Darabi2015-jm,Zeder & Hesse 2000,FALSE,,,,,,,,,,,
TCEC107,Ganj Dareh,D,,Beta-432800,bone collagen,Homo sapiens,8860,50,,,Meiklejohn et al. 2017,FALSE,,,,,,,,,,,
TCEC107,Ganj Dareh,D,,Beta-436170,bone collagen,Homo sapiens,9000,40,,,Meiklejohn et al. 2017,FALSE,,,,,,,,,,,
TCEC107,Ganj Dareh,E,,GAK-807,charcoal,,10400,150,,Darabi2015-jm,Smith 1972,FALSE,,,,,,,,,,,
TCEC107,Ganj Dareh,D/E,,GAK-994,charcoal,,8910,170,,Darabi2015-jm,Hesse 1978,FALSE,,,,,,,,,,,
TCEC107,Ganj Dareh,B,,OxA-2099,plant remains,Hordeum vulgare,8840,110,,Darabi2015-jm,Housley 1994,FALSE,,,,,,,,,,,
TCEC107,Ganj Dareh,C/D,,OxA-2100,plant remains,Hordeum vulgare,9010,110,,Darabi2015-jm,Housley 1994,FALSE,,,,,,,,,,,
TCEC107,Ganj Dareh,D,,OxA-2101,plant remains,Hordeum vulgare,8850,110,,Darabi2015-jm,Housley 1994,FALSE,,,,,,,,,,,
TCEC107,Ganj Dareh,E,,OxA-2102,plant remains,Hordeum vulgare,8690,110,,Darabi2015-jm,Housley 1994,FALSE,,,,,,,,,,,
TCEC107,Ganj Dareh,D,,P-1484,bone collagen,,8970,100,,Darabi2015-jm,Hesse 1978,FALSE,,,,,,,,,,,
TCEC107,Ganj Dareh,D,,P-1485,bone collagen,,9239,196,,Darabi2015-jm,Lawn 1970,FALSE,,,,,,,,,,,
TCEC107,Ganj Dareh,B,,P-1486,bone collagen,,8890,100,,Darabi2015-jm,Hesse 1978,FALSE,,,,,,,,,,,
TCEC107,Ganj Dareh,C,,Poz-81100,bone collagen,Homo sapiens,8780,50,,,Meiklejohn et al. 2017,FALSE,,,,,,,,,,,
TCEC107,Ganj Dareh,D,,Poz-81109,bone collagen,Homo sapiens,8800,50,,,Meiklejohn et al. 2017,FALSE,,,,,,,,,,,
TCEC107,Ganj Dareh,D,,Poz-81114,bone collagen,Homo sapiens,8850,50,,,Meiklejohn et al. 2017,FALSE,,,,,,,,,,,
TCEC107,Ganj Dareh,A,,SI-4732,unknown,,8590,70,,Darabi2015-jm,Hole 1987b,FALSE,,,,,,,,,,,
TCEC107,Ganj Dareh,B,,SI-4733,unknown,,8525,70,,Darabi2015-jm,Hole 1987b,FALSE,,,,,,,,,,,
TCEC107,Ganj Dareh,B,,SI-4734,unknown,,8110,70,,Darabi2015-jm,Hole 1987b,FALSE,,,,,,,,,,,
TCEC107,Ganj Dareh,B,,SI-4735,unknown,,8460,70,,Darabi2015-jm,Hole 1987b,FALSE,,,,,,,,,,,
TCEC107,Ganj Dareh,C,,SI-4736,unknown,,8450,70,,Darabi2015-jm,Hole 1987b,FALSE,,,,,,,,,,,
TCEC107,Ganj Dareh,C,,SI-4737,unknown,,8650,70,,Darabi2015-jm,Hole 1987b,FALSE,,,,,,,,,,,
TCEC107,Ganj Dareh,D,,SI-4738,unknown,,8485,70,,Darabi2015-jm,Hole 1987b,FALSE,,,,,,,,,,,
TCEC107,Ganj Dareh,D,,SI-4739,unknown,,8140,70,,Darabi2015-jm,Hole 1987b,FALSE,,,,,,,,,,,
TCEC107,Ganj Dareh,D,,SI-4740,unknown,,8535,70,,Darabi2015-jm,Hole 1987b,FALSE,,,,,,,,,,,
TCEC107,Ganj Dareh,D,,SI-4741,unknown,,8950,70,,Darabi2015-jm,Hole 1987b,FALSE,,,,,,,,,,,
TCEC107,Ganj Dareh,E,,SI-922,charcoal,,8570,310,,Darabi2015-jm,Hesse 1978,FALSE,,,,,,,,,,,
TCEC107,Ganj Dareh,E,,SI-923,charcoal,,8630,200,,Darabi2015-jm,Hesse 1978,FALSE,,,,,,,,,,,
TCEC107,Ganj Dareh,E,,SI-924,charcoal,,8640,90,,Darabi2015-jm,Hesse 1978,FALSE,,,,,,,,,,,
TCEC107,Ganj Dareh,E,,SI-925,charcoal,,8340,80,,Darabi2015-jm,Hesse 1978,FALSE,,,,,,,,,,,
TCEC107,Ganj Dareh,,GD 107,AAR28719,Charcoal (Mandel),,8868,43,33.16 ± 0.18,TCEC,,FALSE,,,,,,,,,,,
TCEC107,Ganj Dareh,,GD 139,AAR28720,Charcoal (Mandel),,8661,41,34.02 ± 0.17,TCEC,,FALSE,,,,,,,,,,,
TCEC107,Ganj Dareh,,GD 164,AAR28721,Charcoal (Pistacie),,8831,45,33.31 ± 0.19,TCEC,,FALSE,,,,,,,,,,,
TCEC107,Ganj Dareh,,GD 284,AAR28722,Charcoal (Mandel),,8812,44,33.39 ± 0.18,TCEC,,FALSE,,,,,,,,,,,
TCEC107,Ganj Dareh,,GD 310,AAR28723,Charcoal (Mandel),,8926,47,32.92 ± 0.19,TCEC,,FALSE,,,,,,,,,,,
TCEC107,Ganj Dareh,,GD 323,AAR28724,Charcoal (Pistacie),,8955,48,32.8 ± 0.2,TCEC,,FALSE,,,,,,,,,,,
TCEC107,Ganj Dareh,,GD 346,AAR28725,Charcoal (Pistacie),,8875,57,33.13 ± 0.23,TCEC,,FALSE,,,,,,,,,,,
TCEC107,Ganj Dareh,,GD 336,AAR28726,Charcoal (Pistacie),,8920,45,32.94 ± 0.18,TCEC,,FALSE,,,,,,,,,,,
TCEC107,Ganj Dareh,,GD 349,AAR28727,Charcoal (Pistacie),,8837,42,33.28 ± 0.17,TCEC,,FALSE,,,,,,,,,,,
TCEC107,Ganj Dareh,,GD 352,AAR28728,Charcoal (Pistacie),,8788,62,33.49 ± 0.26,TCEC,,FALSE,,,,,,,,,,,
TCEC107,Ganj Dareh,,GD 360,AAR28729,Charcoal (Mandel),,8780,47,33.52 ± 0.2,TCEC,,FALSE,,,,,,,,,,,
TCEC107,Ganj Dareh,,GD 378,AAR28730,Organic material,,8826,43,33.33 ± 0.18,TCEC,,FALSE,,,,,,,,,,,
TCEC107,Ganj Dareh,,GD 380,AAR28731,Charcoal (Mandel),,8832,43,33.3 ± 0.18,TCEC,,FALSE,,,,,,,,,,,
TCEC107,Ganj Dareh,,GD 393,AAR28732,Charcoal (Mandel),,8749,43,33.65 ± 0.18,TCEC,,FALSE,,,,,,,,,,,
TCEC107,Ganj Dareh,,GD 396,AAR28733,Charcoal (Mandel),,8760,42,33.6 ± 0.18,TCEC,,FALSE,,,,,,,,,,,
TCEC107,Ganj Dareh,,GD 399,AAR28734,Charcoal (Mandel),,8699,46,33.86 ± 0.19,TCEC,,FALSE,,,,,,,,,,,
TCEC107,Ganj Dareh,,GD 405,AAR28735,Charcoal (Pistacie),,8816,45,33.37 ± 0.19,TCEC,,FALSE,,,,,,,,,,,
TCEC107,Ganj Dareh,,GD 418,AAR28736,Charcoal (Mandel),,8760,44,33.61 ± 0.18,TCEC,,FALSE,,,,,,,,,,,
TCEC107,Ganj Dareh,,GD 432,AAR28737,Charcoal (Pistacie),,6261,39,45.87 ± 0.22,TCEC,,FALSE,,,,,,,,,,,
TCEC107,Ganj Dareh,,GD 441,AAR28738,Charcoal (Pistacie),,8942,55,32.85 ± 0.22,TCEC,,FALSE,,,,,,,,,,,
TCEC107,Ganj Dareh,,GD 442,AAR28739,Charcoal (Pistacie),,8873,44,33.14 ± 0.18,TCEC,,FALSE,,,,,,,,,,,
TCEC107,Ganj Dareh,,GD 602,AAR28740,Charcoal (Mandel),,8798,43,33.45 ± 0.18,TCEC,,FALSE,,,,,,,,,,,
TCEC107,Ganj Dareh,,GD 629,AAR28741,Charcoal (Mandel),,8796,45,33.45 ± 0.19,TCEC,,FALSE,,,,,,,,,,,
TCEC107,Ganj Dareh,,GD 626,AAR28742,Charcoal (pil),,8841,42,33.27 ± 0.17,TCEC,,FALSE,,,,,,,,,,,
TCEC107,Ganj Dareh,,GD 630,AAR28743,Charcoal (Mandel),,8867,43,33.16 ± 0.18,TCEC,,FALSE,,,,,,,,,,,
TCEC107,Ganj Dareh,,GD 622,AAR28744,Charcoal (Mandel),,8815,43,33.38 ± 0.18,TCEC,,FALSE,,,,,,,,,,,
TCEC107,Ganj Dareh,,GD 368,AAR28745,Charcoal (Mandel),,8834,46,33.3 ± 0.19,TCEC,,FALSE,,,,,,,,,,,
TCEC107,Ganj Dareh,,GD 434,AAR28746,Charcoal (Pistacie),,8863,43,33.18 ± 0.18,TCEC,,FALSE,,,,,,,,,,,
TCEC107,Ganj Dareh,,GD 437,AAR28747,Charcoal (Pistacie),,8856,48,33.21 ± 0.2,TCEC,,FALSE,,,,,,,,,,,
TCEC107,Ganj Dareh,,GD 438,AAR28748,Charcoal (Pistacie),,8769,47,33.57 ± 0.2,TCEC,,FALSE,,,,,,,,,,,
TCEC107,Ganj Dareh,,GD 436,AAR28749,Charcoal (Pistacie),,8871,49,33.14 ± 0.2,TCEC,,FALSE,,,,,,,,,,,
TCEC107,Ganj Dareh,,GD 428,AAR28750,Organic material,,8877,47,33.12 ± 0.19,TCEC,,FALSE,,,,,,,,,,,
TCEC107,Ganj Dareh,,GD 430,AAR28751,Charcoal (Pistacie),,8896,40,33.04 ± 0.16,TCEC,,FALSE,,,,,,,,,,,
TCEC107,Ganj Dareh,,GD 635,AAR28753,Charcoal (Pistacie),,8784,42,33.51 ± 0.18,TCEC,,FALSE,,,,,,,,,,,
TCEC107,Ganj Dareh,,GD 637,AAR28754,Charcoal (Mandel),,8803,58,33.43 ± 0.24,TCEC,,FALSE,,,,,,,,,,,
TCEC193,Gap A,,,GAK-197,soil,,5870,160,,Bohner2004-ba,"Kigoshi and Endo 1963, Voigt and Dyson 1992",FALSE,,,,,,,,,,,
TCEC193,Gap A,,,GAK-198,soil,,5440,120,,Bohner2004-ba,"Kigoshi and Endo 1963, Voigt and Dyson 1992",FALSE,,,,,,,,,,,
TCEC194,Gawra,,,C-817,soil,,5400,325,,Bohner2004-ba,"Libby 1955, Science 127, 1958",FALSE,,,,,,,,,,,
TCEC194,Gawra,,,P-1494,soil,,7002,82,,Bohner2004-ba,Lawn 1973,FALSE,,,,,,,,,,,
TCEC194,Gawra,,,P-1495,soil,,6420,61,,Bohner2004-ba,Lawn 1973,FALSE,,,,,,,,,,,
TCEC194,Gawra,,,P-1496,soil,,5991,72,,Bohner2004-ba,Lawn 1973,FALSE,,,,,,,,,,,
TCEC194,Gawra,,,P-1497,soil,,5787,72,,Bohner2004-ba,Lawn 1973,FALSE,,,,,,,,,,,
,Grai Resh,Uruk,,P-468,charcoal,,4949,75,,Bohner2004-ba,"Stuckenrath 1963, Renfrew 1978",FALSE,,,,,,,,,,,
,Grai Resh,Uruk,,P-469,charcoal,,5169,64,,Bohner2004-ba,"Stuckenrath 1963, Renfrew 1978",FALSE,,,,,,,,,,,
,Hajji Firuz,Pisdeli,niv. 3a,P-1842,charcoal,,5370,80,,Bohner2004-ba,"Lawn 1974, Voigt 1976, Voigt 1983, Chataigner 1995",FALSE,,,,,,,,,,,
,Hajji Firuz,Pisdeli,niv. 2,P-1841,charcoal,,5460,80,,Bohner2004-ba,"Lawn 1974, Voigt 1976, Voigt 1983, Chataigner 1995",FALSE,,,,,,,,,,,
,Hajji Firuz,Hajji Firuz,niv. 6,P-1843,charcoal,,6870,100,,Bohner2004-ba,"Lawn 1974, Voigt 1976, Voigt 1983, Hole 1987, Chataigner 1995",FALSE,,,,,,,,,,,
,Hajji Firuz,Hajji Firuz,niv. 4,P-502,soil,,6895,83,,Bohner2004-ba,"Stuckenrath 1963, Voigt 1976, Voigt 1983, Hole 1987, Chataigner 1995",FALSE,,,,,,,,,,,
,Hajji Firuz,Hajji Firuz,niv. D 5,P-455,charcoal,,7269,86,,Bohner2004-ba,"Stuckenrath 1963, Voigt 1983, Hole 1987, Chataigner 1995",FALSE,,,,,,,,,,,
,Halaf,"transition ""Altmonochrome"" / Halaf",,GrN-2660,charcoal,,7570,35,,Bohner2004-ba,"Vogel and Waterbolk 1964, Bernbeck 1994, Chataigner 1995",FALSE,,,,,,,,,,,
,Halaf,,,AA-30500,grain (charred),Cerealia,7705,75,,Palmisano2017-qp,,FALSE,,,,,,,,,,,
,Halaf,,,AA-30501,grain (charred),Cerealia,7805,60,,Palmisano2017-qp,,FALSE,,,,,,,,,,,
,Hallan Cemi,,,OxA-12298,seed (charred),Pistacia,9980,60,,Palmisano2017-qp,,FALSE,,,,,,,,,,,
,Hallan Cemi,,,OxA-12299,seed (charred),Lathyrus/Vicia,10020,45,,Palmisano2017-qp,,FALSE,,,,,,,,,,,
,Hallan Cemi,,,OxA-12328,seed (charred),Pistacia,9960,45,,Palmisano2017-qp,,FALSE,,,,,,,,,,,
,Hallan Cemi,,,OxA-12329,seed (charred),Pisum/Vicia,10085,45,,Palmisano2017-qp,,FALSE,,,,,,,,,,,
,Hallan Cemi,,,OxA-12330,seed (charred),Amygdalus,9980,45,,Palmisano2017-qp,,FALSE,,,,,,,,,,,
,Hallan Cemi,,,OxA-12331,seed (charred),Amygdalus,9975,45,,Palmisano2017-qp,,FALSE,,,,,,,,,,,
,Hallan Cemi,,,OxA-12332,seed (charred),Pisum/Vicia,9935,45,,Palmisano2017-qp,,FALSE,,,,,,,,,,,
,Hallan Cemi,,,OxA-12333,seed (charred),Lathyrus/Vicia,10050,45,,Palmisano2017-qp,,FALSE,,,,,,,,,,,
,Hallan Cemi,,,OxA-12334,seed (charred),Scirpus maritimus,9970,45,,Palmisano2017-qp,,FALSE,,,,,,,,,,,
,Hallan Cemi,,,OxA-12335,seed (charred),Lathyrus/Vicia,9995,40,,Palmisano2017-qp,,FALSE,,,,,,,,,,,
,Hallan Cemi,,,OxA-12336,seed (charred),Pistacia,10020,40,,Palmisano2017-qp,,FALSE,,,,,,,,,,,
,Hallan Cemi,,,OxA-12337,seed (charred),Pisum/Vicia,9965,40,,Palmisano2017-qp,,FALSE,,,,,,,,,,,
,Hallan Cemi,,,OxA-12338,seed (charred),Pisum/Vicia,9970,40,,Palmisano2017-qp,,FALSE,,,,,,,,,,,
,Hallan Cemi,,,OxA-12339,seed (charred),Lathyrus/Vicia,9955,40,,Palmisano2017-qp,,FALSE,,,,,,,,,,,
,Hallan Cemi,,,OxA-12340,seed (charred),Amygdalus,9980,40,,Palmisano2017-qp,,FALSE,,,,,,,,,,,
,Hallan Cemi,,,OxA-12341,seeds (charred),Amygdalus,10045,45,,Palmisano2017-qp,,FALSE,,,,,,,,,,,
,Hallan Cemi,,,OxA-12769,seeds (charred),Lathyrus/Vicia,10010,40,,Palmisano2017-qp,,FALSE,,,,,,,,,,,
,Hallan Cemi,,,OxA-12878,seeds (charred),Lathyrus/Vicia,9535,75,,Palmisano2017-qp,,FALSE,,,,,,,,,,,
,Hallan Cemi,,,OxA-12879,seeds (charred),Lathyrus/Vicia,9560,100,,Palmisano2017-qp,,FALSE,,,,,,,,,,,
,Hallan Cemi,,,Beta-66850,charcoal,,9510,200,,Bohner2004-ba,"Rosenberg et al. 1995, Thissen 2002a",FALSE,,,,,,,,,,,
,Hallan Cemi,,,Beta-66852,charcoal,,9600,180,,Bohner2004-ba,"Rosenberg et al. 1995, Thissen 2002a",FALSE,,,,,,,,,,,
,Hallan Cemi,,,Beta-47253,charcoal,,9730,300,,Bohner2004-ba,"Rosenberg and Davis 1992, Kuijt and Bar-Yosef 1994, Rosenberg 1994a, Thissen 2002a",FALSE,,,,,,,,,,,
,Hallan Cemi,,,Beta-55050,charcoal,,9840,50,,Bohner2004-ba,"Rosenberg 1994a, Bar-Yosef and Gopher 1997c, Thissen 2002a",FALSE,,,,,,,,,,,
,Hallan Cemi,,,Beta-66856,charcoal,,9870,110,,Bohner2004-ba,"Rosenberg et al. 1995, Thissen 2002a",FALSE,,,,,,,,,,,
,Hallan Cemi,,,Beta-67463,charcoal,,9890,90,,Bohner2004-ba,"Rosenberg et al. 1995, Thissen 2002a",FALSE,,,,,,,,,,,
,Hallan Cemi,,,Beta-66854,charcoal,,9930,110,,Bohner2004-ba,"Rosenberg et al. 1995, Thissen 2002a",FALSE,,,,,,,,,,,
,Hallan Cemi,,,Beta-67464,charcoal,,10000,80,,Bohner2004-ba,"Rosenberg et al. 1995, Thissen 2002a",FALSE,,,,,,,,,,,
,Hallan Cemi,"lower level (""architectural level"")",below house floor,Beta-46647,charcoal,,10040,160,,Bohner2004-ba,"Rosenberg and Davis 1992, Kuijt and Bar-Yosef 1994, Rosenberg 1994a, Thissen 2002a",FALSE,,,,,,,,,,,
,Hallan Cemi,,,Beta-55049,charcoal,,10050,80,,Bohner2004-ba,"Rosenberg 1994a, Bar-Yosef and Gopher 1997c, Thissen 2002a",FALSE,,,,,,,,,,,
,Hallan Cemi,,,Beta-47211,charcoal,,10060,120,,Bohner2004-ba,"Rosenberg and Davis 1992, Kuijt and Bar-Yosef 1994, Rosenberg 1994a, Thissen 2002a",FALSE,,,,,,,,,,,
,Hallan Cemi,,,Beta-66855,charcoal,,10060,90,,Bohner2004-ba,"Rosenberg et al. 1995, Thissen 2002a",FALSE,,,,,,,,,,,
,Hallan Cemi,,,Beta-66858,charcoal,,10320,110,,Bohner2004-ba,"Rosenberg et al. 1995, Thissen 2002a",FALSE,,,,,,,,,,,
,Hallan Cemi,,,Beta-55051,charcoal,,10500,170,,Bohner2004-ba,"Rosenberg 1994a, Bar-Yosef and Gopher 1997c, Thissen 2002a",FALSE,,,,,,,,,,,
,Hallan Cemi,,,Beta-67462,charcoal,,10520,190,,Bohner2004-ba,"Rosenberg et al. 1995, Thissen 2002a",FALSE,,,,,,,,,,,
,Hallan Cemi,,,Beta-55052,charcoal,,10590,170,,Bohner2004-ba,"Rosenberg 1994a, Bar-Yosef and Gopher 1997c, Thissen 2002a",FALSE,,,,,,,,,,,
,Hallan Cemi,,,Beta-56102,charcoal,,10590,260,,Bohner2004-ba,"Rosenberg 1994a, Bar-Yosef and Gopher 1997c, Thissen 2002a",FALSE,,,,,,,,,,,
,Hallan Cemi,"upper level (""pit level"")",,Beta-46649,charcoal,,10800,220,,Bohner2004-ba,"Rosenberg and Davis 1992, Kuijt and Bar-Yosef 1994, Rosenberg 1994a, Thissen 2002a",FALSE,,,,,,,,,,,
,Hallan Cemi,"lower level (""architectural level"")",,Beta-47252,charcoal,,11700,460,,Bohner2004-ba,"Rosenberg and Davis 1992, Kuijt and Bar-Yosef 1994, Rosenberg 1994a, Thissen 2002a",FALSE,,,,,,,,,,,
,Hasankeyf Höyük,,,MTC-16066,,,9860,82,,Palmisano2017-qp,,FALSE,,,,,,,,,,,
,Hasankeyf Höyük,,,MTC-16067,,,9827,69,,Palmisano2017-qp,,FALSE,,,,,,,,,,,
,Hasankeyf Höyük,,,MTC-16068,,,9920,83,,Palmisano2017-qp,,FALSE,,,,,,,,,,,
,Hasankeyf Höyük,,,MTC-16069,,,9652,77,,Palmisano2017-qp,,FALSE,,,,,,,,,,,
,Hasankeyf Höyük,,,MTC-16070,,,10006,83,,Palmisano2017-qp,,FALSE,,,,,,,,,,,
,Hasankeyf Höyük,,,MTC-16071,,,9597,66,,Palmisano2017-qp,,FALSE,,,,,,,,,,,
,Hasankeyf Höyük,,,MTC-16072,,,9828,76,,Palmisano2017-qp,,FALSE,,,,,,,,,,,
,Hasankeyf Höyük,,,MTC-16073,,,9674,72,,Palmisano2017-qp,,FALSE,,,,,,,,,,,
,Hasankeyf Höyük,,,MTC-16074,,,9527,71,,Palmisano2017-qp,,FALSE,,,,,,,,,,,
,Hasankeyf Höyük,,,MTC-16075,,,9708,77,,Palmisano2017-qp,,FALSE,,,,,,,,,,,
,Hasankeyf Höyük,,,MTC-16076,,,9778,69,,Palmisano2017-qp,,FALSE,,,,,,,,,,,
,Hasankeyf Höyük,,,MTC-16077,,,9916,82,,Palmisano2017-qp,,FALSE,,,,,,,,,,,
,Hasankeyf Höyük,,,MTC-16078,,,9831,90,,Palmisano2017-qp,,FALSE,,,,,,,,,,,
,Hasankeyf Höyük,,,MTC-16079,,,9784,95,,Palmisano2017-qp,,FALSE,,,,,,,,,,,
,Hasankeyf Höyük,,,MTC-16080,,,9733,68,,Palmisano2017-qp,,FALSE,,,,,,,,,,,
TCEC196,Hassuna,,,W-609,charcoal,,3030,200,,Bohner2004-ba,Rubin and Alexander 1960,FALSE,,,,,,,,,,,
TCEC196,Hassuna,,,W-660,charcoal,,7040,200,,Bohner2004-ba,"Science 127, 1958, Rubin and Alexander 1960, Bernbeck 1994, Chataigner 1995",FALSE,,,,,,,,,,,
TCEC197,Jaffarabad,,,TUNC-3,unknown,,5062,68,,Bohner2004-ba,Hole 1987,FALSE,,,,,,,,,,,
TCEC197,Jaffarabad,,,TUNC-4,unknown,,5166,72,,Bohner2004-ba,Hole 1987,FALSE,,,,,,,,,,,
TCEC197,Jaffarabad,,,TUNC-43,unknown,,4966,84,,Bohner2004-ba,Hole 1987,FALSE,,,,,,,,,,,
TCEC197,Jaffarabad,,,TUNC-44,unknown,,5096,121,,Bohner2004-ba,Hole 1987,FALSE,,,,,,,,,,,
TCEC197,Jaffarabad,,,TUNC-46,unknown,,5141,122,,Bohner2004-ba,Hole 1987,FALSE,,,,,,,,,,,
TCEC197,Jaffarabad,,,TUNC-48,unknown,,5133,94,,Bohner2004-ba,Hole 1987,FALSE,,,,,,,,,,,
TCEC197,Jaffarabad,,,TUNC-5,unknown,,5246,71,,Bohner2004-ba,Hole 1987,FALSE,,,,,,,,,,,
TCEC197,Jaffarabad,,,TUNC-6,unknown,,5238,72,,Bohner2004-ba,Hole 1987,FALSE,,,,,,,,,,,
TCEC57,Jani,,"Section, C23, ash layer, S72b",Beta-258649,plant remains,Cyperaceae,8860,60,-23.4,Darabi2015-jm,Matthews et al. 2013b,FALSE,,,,,,,,,,,
TCEC57,Jani,,"Section, C11, ash layer, S11",Beta-267510,charcoal,,8820,50,,Darabi2015-jm,Matthews et al. 2013b,FALSE,,,,,,,,,,,
TCEC199,Jarmo,,,C-113,shell,,6710,320,,Bohner2004-ba,"Libby 1955, Braidwood et al. (eds.) 1983, Hole 1987, Kozlowski 1994a",FALSE,,,,,,,,,,,
TCEC199,Jarmo,,,C-742,charcoal,,6606,330,,Bohner2004-ba,"Libby 1955, Braidwood et al. (eds.) 1983, Hole 1987, Kozlowski 1994a",FALSE,,,,,,,,,,,
TCEC199,Jarmo,,,C-743,charcoal,,6695,360,,Bohner2004-ba,"Libby 1955, Braidwood et al. (eds.) 1983, Hole 1987, Kozlowski 1994a",FALSE,,,,,,,,,,,
TCEC199,Jarmo,,,C-744,charcoal,,5266,450,,Bohner2004-ba,"Libby 1955, Braidwood et al. (eds.) 1983, Hole 1987, Kozlowski 1994a",FALSE,,,,,,,,,,,
TCEC199,Jarmo,,,GL-44,charcoal,,6650,170,,Bohner2004-ba,"Science 127, 1958, Braidwood et al. (eds.) 1983, Hole 1987, Kozlowski 1994a",FALSE,,,,,,,,,,,
TCEC199,Jarmo,,,GL-45,charcoal,,6670,120,,Bohner2004-ba,"Science 127, 1958, Braidwood et al. (eds.) 1983, Hole 1987, Kozlowski 1994a",FALSE,,,,,,,,,,,
TCEC199,Jarmo,,,GL-48,charcoal,,6930,120,,Bohner2004-ba,"Braidwood et al. (eds.) 1983, Kozlowski 1994a",FALSE,,,,,,,,,,,
TCEC199,Jarmo,,,GL-49,charcoal,,6300,180,,Bohner2004-ba,"Braidwood et al. (eds.) 1983, Kozlowski 1994a",FALSE,,,,,,,,,,,
TCEC199,Jarmo,,,GL-50,charcoal,,6750,120,,Bohner2004-ba,"Braidwood et al. (eds.) 1983, Kozlowski 1994a",FALSE,,,,,,,,,,,
TCEC199,Jarmo,,,GrN-6353,ceramic,,7655,75,,Bohner2004-ba,"Braidwood et al. (eds.) 1983, Hole 1987, Kozlowski 1994a",FALSE,,,,,,,,,,,
TCEC199,Jarmo,,,H-551/-491,charcoal,,8525,175,,Bohner2004-ba,"Braidwood 1958b, Braidwood et al. (eds.) 1983, Hole 1987, Kozlowski 1994a",FALSE,,,,,,,,,,,
TCEC199,Jarmo,,,UCLA-1714E,bone collagen,Equus hemionus,7980,140,,Bohner2004-ba,"Berger et al. 1973, Braidwood et al. (eds.) 1983, Hole 1987, Kozlowski 1994a",FALSE,,,,,,,,,,,
TCEC199,Jarmo,,,UCLA-1723A,bone collagen,Ovis,7800,120,,Bohner2004-ba,"Berger et al. 1973, Braidwood et al. (eds.) 1983, Hole 1987, Kozlowski 1994a",FALSE,,,,,,,,,,,
TCEC199,Jarmo,,,UCLA-1723B,bone collagen,Bos,7270,200,,Bohner2004-ba,"Berger et al. 1973, Braidwood et al. (eds.) 1983, Hole 1987, Kozlowski 1994a",FALSE,,,,,,,,,,,
TCEC199,Jarmo,,,UCLA-1723C,bone collagen,Bos,6180,300,,Bohner2004-ba,"Berger et al. 1973, Braidwood et al. (eds.) 1983, Hole 1987, Kozlowski 1994a",FALSE,,,,,,,,,,,
TCEC199,Jarmo,,,UCLA-1723D,bone collagen,Bos,6550,200,,Bohner2004-ba,"Berger et al. 1973, Braidwood et al. (eds.) 1983, Hole 1987, Kozlowski 1994a",FALSE,,,,,,,,,,,
TCEC199,Jarmo,,,W-607,soil,,9040,250,,Bohner2004-ba,"Rubin and Alexander 1960, Braidwood et al. (eds.) 1983, Hole 1987, Kozlowski 1994a",FALSE,,,,,,,,,,,
TCEC199,Jarmo,,,W-608,bone,,7750,250,,Bohner2004-ba,"Rubin and Alexander 1960, Braidwood et al. (eds.) 1983, Hole 1987, Kozlowski 1994a",FALSE,,,,,,,,,,,
TCEC199,Jarmo,,,W-651,charcoal,,8830,200,,Bohner2004-ba,"Rubin and Alexander 1960, Braidwood et al. (eds.) 1983, Hole 1987, Kozlowski 1994a",FALSE,,,,,,,,,,,
TCEC199,Jarmo,,,W-652,charcoal,,7950,200,,Bohner2004-ba,"Rubin and Alexander 1960, Braidwood et al. (eds.) 1983, Hole 1987, Kozlowski 1994a",FALSE,,,,,,,,,,,
TCEC199,Jarmo,,,W-657,soil,,11240,300,,Bohner2004-ba,"Rubin and Alexander 1960, Braidwood et al. (eds.) 1983, Hole 1987, Kozlowski 1994a",FALSE,,,,,,,,,,,
TCEC199,Jarmo,,,W-665,soil,,11200,200,,Bohner2004-ba,"Rubin and Alexander 1960, Hole 1987, Kozlowski 1994a",FALSE,,,,,,,,,,,
TCEC244,Karanvasara,,K 6,AAR28772,Charcoal (poppel),,5356,38,51.34 ± 0.25,TCEC,,FALSE,,,,,,,,,,,
TCEC244,Karanvasara,,K 5,AAR28773,Charcoal (enebær),,5435,34,50.83 ± 0.21,TCEC,,FALSE,,,,,,,,,,,
,Kashkashok II,,level 4 (foyer Pa),TK-802,,,6290,220,,Bohner2004-ba,Matsutani 1991,FALSE,,,,,,,,,,,
,Kashkashok II,,level 3,TK-860,,,7490,110,,Bohner2004-ba,"Matsutani 1991, Bernbeck 1994",FALSE,,,,,,,,,,,
,Kashkashok II,,level 3,TK-803,,,7730,90,,Bohner2004-ba,"Matsutani 1991, Bernbeck 1994",FALSE,,,,,,,,,,,
,Kashkashok II,,level 3,TK-859,,,7880,110,,Bohner2004-ba,"Matsutani 1991, Bernbeck 1994",FALSE,,,,,,,,,,,
TCEC200,Kelek Asad Morad,CUT 6,,UBA-15576,charcoal,,9101,41,,Berlin ex-orient (2016),Moradi et al. 2016,FALSE,,,,,,,,,,,
TCEC200,Kelek Asad Morad,114,,UBA-15577,charcoal,,9109,42,,Berlin ex-orient (2016),Moradi et al. 2016,FALSE,,,,,,,,,,,
TCEC200,Kelek Asad Morad,114,,UBA-15578,charcoal,,9149,48,,Berlin ex-orient (2016),Moradi et al. 2016,FALSE,,,,,,,,,,,
,Körtik Tepe,,,Beta-178241,bone,,8370,40,,Palmisano2017-qp,,FALSE,,,,,,,,,,,
,Körtik Tepe,,,Beta-178242,bone,,9870,40,,Palmisano2017-qp,,FALSE,,,,,,,,,,,
,Körtik Tepe,,,ETH-38848,charcoal,Quercus,9985,40,,Palmisano2017-qp,,FALSE,,,,,,,,,,,
,Körtik Tepe,,,ETH-38849,charcoal,Quercus,10065,40,,Palmisano2017-qp,,FALSE,,,,,,,,,,,
,Körtik Tepe,,,ETH-38850,charcoal,Pistacia,10035,40,,Palmisano2017-qp,,FALSE,,,,,,,,,,,
,Körtik Tepe,,,ETH-38851,charcoal,Tamarix,10075,40,,Palmisano2017-qp,,FALSE,,,,,,,,,,,
,Körtik Tepe,,,ETH-38852,charcoal,Tamarix,9965,45,,Palmisano2017-qp,,FALSE,,,,,,,,,,,
,Körtik Tepe,,,ETH-38853,charcoal,Amygdalus,10015,45,,Palmisano2017-qp,,FALSE,,,,,,,,,,,
,Körtik Tepe,,,ETH-38854,charcoal,Populus,10000,40,,Palmisano2017-qp,,FALSE,,,,,,,,,,,
,Körtik Tepe,,,ETH-38855,charcoal,,10040,40,,Palmisano2017-qp,,FALSE,,,,,,,,,,,
,Körtik Tepe,,,ETH-39509,charcoal,Populus/Salix,9960,60,,Palmisano2017-qp,,FALSE,,,,,,,,,,,
,Körtik Tepe,,,ETH-39510,charcoal,Tamarix,9925,45,,Palmisano2017-qp,,FALSE,,,,,,,,,,,
,Körtik Tepe,,,ETH-39511,charcoal,Rhamnus,10100,60,,Palmisano2017-qp,,FALSE,,,,,,,,,,,
,Körtik Tepe,,,ETH-39512,charcoal,Tamarix,9955,45,,Palmisano2017-qp,,FALSE,,,,,,,,,,,
,Körtik Tepe,,,ETH-45333,charcoal,,10155,50,,Palmisano2017-qp,,FALSE,,,,,,,,,,,
,Körtik Tepe,,,ETH-45334,charcoal,Populus/Salix,10205,40,,Palmisano2017-qp,,FALSE,,,,,,,,,,,
,Körtik Tepe,,,ETH-45335,charcoal,Populus/Salix,10330,70,,Palmisano2017-qp,,FALSE,,,,,,,,,,,
,Körtik Tepe,,,ETH-45336,charcoal,,10270,95,,Palmisano2017-qp,,FALSE,,,,,,,,,,,
,Körtik Tepe,,,ETH-45340,plant matter,dicot,10030,40,,Palmisano2017-qp,,FALSE,,,,,,,,,,,
,Körtik Tepe,,,ETH-45341,plant matter,Vitis,10015,40,,Palmisano2017-qp,,FALSE,,,,,,,,,,,
,Körtik Tepe,,,ETH-45342,charcoal,Populus/Salix,9835,35,,Palmisano2017-qp,,FALSE,,,,,,,,,,,
,Körtik Tepe,,,ETH-45344,charcoal (bark),,10090,40,,Palmisano2017-qp,,FALSE,,,,,,,,,,,
,Körtik Tepe,,,KIA-44648,grain,Secale cereale;Secale,10250,60,,Palmisano2017-qp,,FALSE,,,,,,,,,,,
,Körtik Tepe,,,KIA-44863,grain,Secale cereale;Secale,9815,45,,Palmisano2017-qp,,FALSE,,,,,,,,,,,
,Körtik Tepe,,,KIA-44864,grain,Secale cereale,10252,60,,Palmisano2017-qp,,FALSE,,,,,,,,,,,
,Kültepe,,"15,35 m de profondeur",LE-434,,,4870,150,,Bohner2004-ba,"Dolukhanov and Romanovka 1970, Dolukhanov and Timofeev 1972, Chataigner 1995",FALSE,,,,,,,,,,,
,Kültepe,Bronze Ancien,"8,5 m de profondeur",LE-163,,,4880,90,,Bohner2004-ba,"Butomo 1965, Chataigner 1995",FALSE,,,,,,,,,,,
,Kültepe,,"18,2 m de profondeur",LE-477,,,5770,90,,Bohner2004-ba,"Artemev et al. 1961, Iessen 1965, Mellaart 1975, Chataigner 1995",FALSE,,,,,,,,,,,
,Leilan,Period VI (Late Northern Ubaid),Stratum 58,UM-1817,wood,,6584,100,,Bohner2004-ba,Weiss 2000,FALSE,,,,,,,,,,,
TCEC201,M'lefaat,,,Gd-4465,charcoal,,10850,200,,Bohner2004-ba,Kozlowski 1994a,FALSE,,,,,,,,,,,
TCEC201,M'lefaat,,,Gd-4483,charcoal,,12810,660,,Bohner2004-ba,Kozlowski 1994a,FALSE,,,,,,,,,,,
TCEC201,M'lefaat,,,Gd-4652,charcoal,,13860,300,,Bohner2004-ba,Kozlowski 1994a,FALSE,,,,,,,,,,,
TCEC201,M'lefaat,,,Gd-4658,charcoal,,12360,280,,Bohner2004-ba,Kozlowski 1994a,FALSE,,,,,,,,,,,
TCEC201,M'lefaat,,,Gd-6149,charcoal,,10290,180,,Bohner2004-ba,Kozlowski 1994a,FALSE,,,,,,,,,,,
TCEC201,M'lefaat,,,Gd-6150,charcoal,,10890,140,,Bohner2004-ba,Kozlowski 1994a,FALSE,,,,,,,,,,,
TCEC201,M'lefaat,,,Gd-6356,charcoal,,9630,130,,Bohner2004-ba,Kozlowski 1994a,FALSE,,,,,,,,,,,
TCEC201,M'lefaat,,,Gd-6363,charcoal,,13540,180,,Bohner2004-ba,Kozlowski 1994a,FALSE,,,,,,,,,,,
TCEC201,M'lefaat,,,OxA-3747,plant remains,Lens,9870,140,,Palmisano2017-qp,Kozlowski 1994a,FALSE,,,,,,,,,,,
TCEC201,M'lefaat,,,OxA-3748,plant remains,Lens,9890,120,,Palmisano2017-qp,Kozlowski 1994a,FALSE,,,,,,,,,,,
TCEC201,M'lefaat,,,OxA-3749,plant remains,,9660,250,,Bohner2004-ba,Kozlowski 1994a,FALSE,,,,,,,,,,,
TCEC201,M'lefaat,,,OxA-3810,plant remains,Lens,9680,100,,Palmisano2017-qp,,FALSE,,,,,,,,,,,
TCEC201,M'lefaat,,,OxA-3819,plant remains,,9680,100,,Bohner2004-ba,"Kozlowski 1994a, Waterbolk 1994",FALSE,,,,,,,,,,,
TCEC202,Madhhur,,,BM-1458,plant remains,,5570,55,,Bohner2004-ba,Burleigh et al. 1982a,FALSE,,,,,,,,,,,
TCEC203,Magzaliyah,,,IGAN-772,charcoal,,8010,50,,Bohner2004-ba,"Bader 1989, Kozlowski 1994a",FALSE,,,,,,,,,,,
TCEC203,Magzaliyah,,,IGAN-773,charcoal,,7490,50,,Bohner2004-ba,"Bader 1989, Kozlowski 1994a",FALSE,,,,,,,,,,,
TCEC204,Mahtaj,,(1005) RN 2010,AAR-26660,Dung?,,8022,32,-25.99,TCEC,TCEC,FALSE,,,,,,,,,,,Material uncertain
TCEC204,Mahtaj,,(1002) RN 2023,AAR-26661,Dung?,,8123,40,-24.67,TCEC,TCEC,FALSE,,,,,,,,,,,Material uncertain
TCEC204,Mahtaj,,(1002) RN 2028,AAR-26662,Dung?,,7918,34,-25.46,TCEC,TCEC,FALSE,,,,,,,,,,,Material uncertain
TCEC204,Mahtaj,,(2003) RN 2088,AAR-26663,Dung?,,8068,37,-27.26,TCEC,TCEC,FALSE,,,,,,,,,,,Material uncertain
TCEC204,Mahtaj,,(2005) RN 2093,AAR-26664,Dung?,,34517,267,-26.21,TCEC,TCEC,TRUE,,,,,,,,,,,Material uncertain
TCEC204,Mahtaj,,(3002) RN 2128,AAR-26665,Dung?,,8125,42,-25.55,TCEC,TCEC,FALSE,,,,,,,,,,,Material uncertain
TCEC204,Mahtaj,,(3003) RN 2141,AAR-26666,Dung?,,7958,32,-25.23,TCEC,TCEC,FALSE,,,,,,,,,,,Material uncertain
TCEC204,Mahtaj,,(3003) RN 2142,AAR-26667,Dung?,,8070,32,-25.26,TCEC,TCEC,FALSE,,,,,,,,,,,Material uncertain
TCEC204,Mahtaj,,(3006) RN 2185,AAR-26668,Dung?,,8041,32,-26.78,TCEC,TCEC,FALSE,,,,,,,,,,,Material uncertain
TCEC204,Mahtaj,,(3006) RN 2186,AAR-26669,Dung?,,8042,36,-25.61,TCEC,TCEC,FALSE,,,,,,,,,,,Material uncertain
TCEC204,Mahtaj,,(1015) RN 2199,AAR-26670,plant remains,Salicaceae,7762,31,-26,TCEC,TCEC,FALSE,,,,,,,,,,,Material uncertain
TCEC204,Mahtaj,,(1018) RN 2211,AAR-26671,Dung?,,32396,209,-26.24,TCEC,TCEC,TRUE,,,,,,,,,,,Material uncertain
TCEC205,Malyan,,,TUNC-31,unknown,,4815,91,,Bohner2004-ba,"Iran 10 1972, Renfrew 1978",FALSE,,,,,,,,,,,
TCEC206,Matarrah,,,W-623,charcoal,,7570,250,,Bohner2004-ba,"Rubin and Alexander 1960, Bernbeck 1994",FALSE,,,,,,,,,,,
TCEC243,Nade-Ali Beigh Tepe,,BT 3199,AAR28764,Charcoal (ask),,5998,35,47.4 ± 0.21,TCEC,,FALSE,,,,,,,,,,,
TCEC243,Nade-Ali Beigh Tepe,,BT 3265,AAR28765,Charcoal (poppel),,5902,61,47.97 ± 0.37,TCEC,,FALSE,,,,,,,,,,,
TCEC243,Nade-Ali Beigh Tepe,,BT 3267,AAR28766,Charcoal (Mandel),,5970,37,47.56 ± 0.22,TCEC,,FALSE,,,,,,,,,,,
TCEC243,Nade-Ali Beigh Tepe,,BT 3220,AAR28767,Charcoal (ask),,5967,37,47.58 ± 0.22,TCEC,,FALSE,,,,,,,,,,,
TCEC243,Nade-Ali Beigh Tepe,,BT 3043,AAR28768,Charcoal (poppel),,5913,35,47.9 ± 0.21,TCEC,,FALSE,,,,,,,,,,,
TCEC243,Nade-Ali Beigh Tepe,,BT 3057,AAR28769,Charcoal (ask),,5889,36,48.04 ± 0.22,TCEC,,FALSE,,,,,,,,,,,
TCEC243,Nade-Ali Beigh Tepe,,BT 3248,AAR28770,Charcoal (Mandel),,5989,37,47.45 ± 0.22,TCEC,,FALSE,,,,,,,,,,,
TCEC243,Nade-Ali Beigh Tepe,,BT 3232,AAR28771,Charcoal (ask),,6015,37,47.29 ± 0.22,TCEC,,FALSE,,,,,,,,,,,
TCEC207,Nemrik 9,,,Gd-2637,charcoal,,8440,130,,Bohner2004-ba,"Pazdur 1992, Kozlowski 1994a",FALSE,,,,,,,,,,,
TCEC207,Nemrik 9,,,Gd-2713,shell,,9470,140,,Bohner2004-ba,"Pazdur 1992, Kozlowski 1994a",FALSE,,,,,,,,,,,
TCEC207,Nemrik 9,,,Gd-2714,shell,,10900,140,,Bohner2004-ba,"Pazdur 1992, Kozlowski 1994a",FALSE,,,,,,,,,,,
TCEC207,Nemrik 9,,,Gd-2766,charcoal,,9570,130,,Bohner2004-ba,"Pazdur 1992, Kozlowski 1994a",FALSE,,,,,,,,,,,
TCEC207,Nemrik 9,,,Gd-2773,charcoal,,9480,170,,Bohner2004-ba,"Pazdur 1992, Kozlowski 1994a, Banadora",FALSE,,,,,,,,,,,
TCEC207,Nemrik 9,,,Gd-2775,charcoal,,25200,670,,Bohner2004-ba,"Pazdur 1992, Kozlowski 1994a, Banadora",TRUE,,,,,,,,,,,
TCEC207,Nemrik 9,,,Gd-2777,charcoal,,10180,130,,Bohner2004-ba,"Pazdur 1992, Kozlowski 1994a",FALSE,,,,,,,,,,,
TCEC207,Nemrik 9,,,Gd-2778,charcoal,,9010,170,,Bohner2004-ba,"Pazdur 1992, Kozlowski 1994a",FALSE,,,,,,,,,,,
TCEC207,Nemrik 9,,,Gd-2935,charcoal,,7640,110,,Bohner2004-ba,Kozlowski 1994a,FALSE,,,,,,,,,,,
TCEC207,Nemrik 9,,,Gd-2936,charcoal,,9170,130,,Bohner2004-ba,Kozlowski 1994a,FALSE,,,,,,,,,,,
TCEC207,Nemrik 9,,,Gd-2937,charcoal,,9740,150,,Bohner2004-ba,Kozlowski 1994a,FALSE,,,,,,,,,,,
TCEC207,Nemrik 9,,,Gd-2963,charcoal,,9780,130,,Bohner2004-ba,Kozlowski 1994a,FALSE,,,,,,,,,,,
TCEC207,Nemrik 9,,,Gd-2966,charcoal,,9440,160,,Bohner2004-ba,Kozlowski 1994a,FALSE,,,,,,,,,,,
TCEC207,Nemrik 9,,,Gd-2967,charcoal,,37700,,,Bohner2004-ba,Kozlowski 1994a,TRUE,,,,,,,,,,,
TCEC207,Nemrik 9,,,Gd-2969,charcoal,,13000,2400,,Bohner2004-ba,Kozlowski 1994a,TRUE,,,,,,,,,,,
TCEC207,Nemrik 9,,,Gd-2970,charcoal,,10070,120,,Bohner2004-ba,Kozlowski 1994a,FALSE,,,,,,,,,,,
TCEC207,Nemrik 9,,,Gd-2971,charcoal,,10330,150,,Bohner2004-ba,Kozlowski 1994a,FALSE,,,,,,,,,,,
TCEC207,Nemrik 9,,,Gd-2972,charcoal,,9490,170,,Bohner2004-ba,Kozlowski 1994a,FALSE,,,,,,,,,,,
TCEC207,Nemrik 9,,,Gd-2973,charcoal,,10400,190,,Bohner2004-ba,Kozlowski 1994a,FALSE,,,,,,,,,,,
TCEC207,Nemrik 9,,,Gd-4118,charcoal,,11300,200,,Bohner2004-ba,"Pazdur 1992, Kozlowski 1994a",FALSE,,,,,,,,,,,
TCEC207,Nemrik 9,,,Gd-4193,charcoal,,9500,130,,Bohner2004-ba,"Pazdur 1992, Kozlowski 1994a",FALSE,,,,,,,,,,,
TCEC207,Nemrik 9,,,Gd-4194,charcoal,,5200,450,,Bohner2004-ba,"Pazdur 1992, Kozlowski 1994a",FALSE,,,,,,,,,,,
TCEC207,Nemrik 9,,,Gd-4204,charcoal,,7980,140,,Bohner2004-ba,"Pazdur 1992, Kozlowski 1994a",FALSE,,,,,,,,,,,
TCEC207,Nemrik 9,,,Gd-4205,charcoal,,9000,150,,Bohner2004-ba,"Pazdur 1992, Kozlowski 1994a",FALSE,,,,,,,,,,,
TCEC207,Nemrik 9,,,Gd-4207,charcoal,,8700,110,,Bohner2004-ba,"Pazdur 1992, Kozlowski 1994a, Banadora",FALSE,,,,,,,,,,,
TCEC207,Nemrik 9,,,Gd-4208,charcoal,,10100,130,,Bohner2004-ba,"Pazdur 1992, Kozlowski 1994a",FALSE,,,,,,,,,,,
TCEC207,Nemrik 9,,,Gd-4209,charcoal,,10040,130,,Bohner2004-ba,"Pazdur 1992, Kozlowski 1994a",FALSE,,,,,,,,,,,
TCEC207,Nemrik 9,,,Gd-4210,charcoal,,10180,190,,Bohner2004-ba,"Pazdur 1992, Kozlowski 1994a",FALSE,,,,,,,,,,,
TCEC207,Nemrik 9,,,Gd-4211,charcoal,,10260,170,,Bohner2004-ba,"Pazdur 1992, Kozlowski 1994a",FALSE,,,,,,,,,,,
TCEC207,Nemrik 9,,,Gd-4212,charcoal,,10480,180,,Bohner2004-ba,"Pazdur 1992, Kozlowski 1994a",FALSE,,,,,,,,,,,
TCEC207,Nemrik 9,,,Gd-4213,charcoal,,9410,550,,Bohner2004-ba,"Pazdur 1992, Kozlowski 1994a",FALSE,,,,,,,,,,,
TCEC207,Nemrik 9,,,Gd-4214,charcoal,,27000,,,Bohner2004-ba,"Pazdur 1992, Kozlowski 1994a",TRUE,,,,,,,,,,,
TCEC207,Nemrik 9,,,Gd-4215,charcoal,,26000,,,Bohner2004-ba,"Pazdur 1992, Kozlowski 1994a",TRUE,,,,,,,,,,,
TCEC207,Nemrik 9,,,Gd-4222,charcoal,,8180,120,,Bohner2004-ba,"Pazdur 1992, Kozlowski 1994a, Waterbolk 1994",FALSE,,,,,,,,,,,
TCEC207,Nemrik 9,,,Gd-4223,charcoal,,20800,550,,Bohner2004-ba,"Pazdur 1992, Kozlowski 1994a",TRUE,,,,,,,,,,,
TCEC207,Nemrik 9,,,Gd-4224,charcoal,,9930,230,,Bohner2004-ba,"Pazdur 1992, Kozlowski 1994a",FALSE,,,,,,,,,,,
TCEC207,Nemrik 9,,,Gd-4364,charcoal,,9030,400,,Bohner2004-ba,Kozlowski 1994a,FALSE,,,,,,,,,,,
TCEC207,Nemrik 9,,,Gd-4365,charcoal,,9140,150,,Bohner2004-ba,Kozlowski 1994a,FALSE,,,,,,,,,,,
TCEC207,Nemrik 9,,,Gd-4370,charcoal,,12550,1000,,Bohner2004-ba,Kozlowski 1994a,FALSE,,,,,,,,,,,
TCEC207,Nemrik 9,,,Gd-4371,charcoal,,9770,520,,Bohner2004-ba,Kozlowski 1994a,FALSE,,,,,,,,,,,
TCEC207,Nemrik 9,,,Gd-4372,charcoal,,9770,240,,Bohner2004-ba,Kozlowski 1994a,FALSE,,,,,,,,,,,
TCEC207,Nemrik 9,,,Gd-4453,charcoal,,9630,160,,Bohner2004-ba,Kozlowski 1994a,FALSE,,,,,,,,,,,
TCEC207,Nemrik 9,,,Gd-4463,charcoal,,8910,220,,Bohner2004-ba,Kozlowski 1994a,FALSE,,,,,,,,,,,
TCEC207,Nemrik 9,,,Gd-4469,charcoal,,11090,190,,Bohner2004-ba,Kozlowski 1994a,FALSE,,,,,,,,,,,
TCEC207,Nemrik 9,,,Gd-4473,charcoal,,12240,340,,Bohner2004-ba,Kozlowski 1994a,FALSE,,,,,,,,,,,
TCEC207,Nemrik 9,,,Gd-4474,charcoal,,9640,300,,Bohner2004-ba,Kozlowski 1994a,FALSE,,,,,,,,,,,
TCEC207,Nemrik 9,,,Gd-4475,charcoal,,10370,330,,Bohner2004-ba,Kozlowski 1994a,FALSE,,,,,,,,,,,
TCEC207,Nemrik 9,,,Gd-4476,charcoal,,13600,900,,Bohner2004-ba,Kozlowski 1994a,FALSE,,,,,,,,,,,
TCEC207,Nemrik 9,,,Gd-4477,charcoal,,11150,560,,Bohner2004-ba,Kozlowski 1994a,FALSE,,,,,,,,,,,
TCEC207,Nemrik 9,,,Gd-4478,charcoal,,10700,190,,Bohner2004-ba,Kozlowski 1994a,FALSE,,,,,,,,,,,
TCEC207,Nemrik 9,,,Gd-5110,shell,,7470,60,,Bohner2004-ba,"Pazdur 1992, Kozlowski 1994a",FALSE,,,,,,,,,,,
TCEC207,Nemrik 9,,,Gd-5111,shell,,8630,70,,Bohner2004-ba,"Pazdur 1992, Kozlowski 1994a",FALSE,,,,,,,,,,,
TCEC207,Nemrik 9,,,Gd-5116,charcoal,,33300,1100,,Bohner2004-ba,"Pazdur 1992, Kozlowski 1994a",TRUE,,,,,,,,,,,
TCEC207,Nemrik 9,,,Gd-5186,charcoal,,9170,90,,Bohner2004-ba,"Pazdur 1992, Kozlowski 1994a",FALSE,,,,,,,,,,,
TCEC207,Nemrik 9,,,Gd-5237,charcoal,,40000,,,Bohner2004-ba,"Pazdur 1992, Kozlowski 1994a",TRUE,,,,,,,,,,,
TCEC207,Nemrik 9,,,Gd-5240,charcoal,,9130,60,,Bohner2004-ba,"Pazdur 1992, Kozlowski 1994a",FALSE,,,,,,,,,,,
TCEC207,Nemrik 9,,,Gd-5249,charcoal,,11180,90,,Bohner2004-ba,"Pazdur 1992, Kozlowski 1994a",FALSE,,,,,,,,,,,
TCEC207,Nemrik 9,,,Gd-5257,charcoal,,10020,80,,Bohner2004-ba,"Pazdur 1992, Kozlowski 1994a",FALSE,,,,,,,,,,,
TCEC207,Nemrik 9,,,Gd-5421,charcoal,,9250,70,,Bohner2004-ba,Kozlowski 1994a,FALSE,,,,,,,,,,,
TCEC207,Nemrik 9,,,Gd-5422,charcoal,,8750,80,,Bohner2004-ba,Kozlowski 1994a,FALSE,,,,,,,,,,,
TCEC207,Nemrik 9,,,Gd-5424,charcoal,,9140,90,,Bohner2004-ba,Kozlowski 1994a,FALSE,,,,,,,,,,,
TCEC207,Nemrik 9,,,Gd-5425,charcoal,,9140,90,,Bohner2004-ba,Kozlowski 1994a,FALSE,,,,,,,,,,,
TCEC207,Nemrik 9,,,Gd-5440,charcoal,,18250,220,,Bohner2004-ba,Kozlowski 1994a,TRUE,,,,,,,,,,,
TCEC207,Nemrik 9,,,Gd-5443,charcoal,,9420,90,,Bohner2004-ba,Kozlowski 1994a,FALSE,,,,,,,,,,,
TCEC207,Nemrik 9,,,Gd-5451,charcoal,,10700,120,,Bohner2004-ba,Kozlowski 1994a,FALSE,,,,,,,,,,,
TCEC207,Nemrik 9,,,Gd-5595,charcoal,,9950,100,,Bohner2004-ba,Kozlowski 1994a,FALSE,,,,,,,,,,,
TCEC207,Nemrik 9,,,Gd-6108,charcoal,,8300,130,,Bohner2004-ba,Kozlowski 1994a,FALSE,,,,,,,,,,,
TCEC207,Nemrik 9,,,Gd-6110,charcoal,,9970,170,,Bohner2004-ba,Kozlowski 1994a,FALSE,,,,,,,,,,,
TCEC207,Nemrik 9,,,Gd-6111,charcoal,,10130,180,,Bohner2004-ba,Kozlowski 1994a,FALSE,,,,,,,,,,,
TCEC207,Nemrik 9,,,Gd-6113,charcoal,,8570,150,,Bohner2004-ba,Kozlowski 1994a,FALSE,,,,,,,,,,,
TCEC207,Nemrik 9,,,Gd-6119,charcoal,,8300,150,,Bohner2004-ba,Kozlowski 1994a,FALSE,,,,,,,,,,,
TCEC207,Nemrik 9,,,Gd-6120,charcoal,,9530,140,,Bohner2004-ba,Kozlowski 1994a,FALSE,,,,,,,,,,,
TCEC207,Nemrik 9,,,Gd-6121,charcoal,,9780,180,,Bohner2004-ba,Kozlowski 1994a,FALSE,,,,,,,,,,,
TCEC207,Nemrik 9,,,Gd-6127,charcoal,,9800,160,,Bohner2004-ba,Kozlowski 1994a,FALSE,,,,,,,,,,,
TCEC207,Nemrik 9,,,Gd-6128,charcoal,,9870,160,,Bohner2004-ba,Kozlowski 1994a,FALSE,,,,,,,,,,,
TCEC207,Nemrik 9,,,Gd-6129,charcoal,,9510,150,,Bohner2004-ba,Kozlowski 1994a,FALSE,,,,,,,,,,,
TCEC207,Nemrik 9,,,Gd-6130,charcoal,,9230,160,,Bohner2004-ba,Kozlowski 1994a,FALSE,,,,,,,,,,,
TCEC207,Nemrik 9,,,Gd-6131,charcoal,,9370,120,,Bohner2004-ba,Kozlowski 1994a,FALSE,,,,,,,,,,,
TCEC207,Nemrik 9,,,Gd-6143,charcoal,,9990,140,,Bohner2004-ba,Kozlowski 1994a,FALSE,,,,,,,,,,,
TCEC207,Nemrik 9,,,Gd-6148,charcoal,,9720,130,,Bohner2004-ba,Kozlowski 1994a,FALSE,,,,,,,,,,,
TCEC207,Nemrik 9,,,Gd-6152,charcoal,,9800,130,,Bohner2004-ba,Kozlowski 1994a,FALSE,,,,,,,,,,,
,Nippur,,,P-530,,,4672,74,,Bohner2004-ba,"Stuckenrath 1963, Renfrew 1978",FALSE,,,,,,,,,,,
,Oueili,,,MC-2384,seeds,,5650,90,,Bohner2004-ba,Banadora,FALSE,,,,,,,,,,,
,Oueili,,niv. 3,MC-2386,seeds,,5810,100,,Bohner2004-ba,Banadora,FALSE,,,,,,,,,,,
,Oueili,,niv. 1,MC-2382,charcoal,,5980,100,,Bohner2004-ba,Banadora,FALSE,,,,,,,,,,,
,Oueili,,niv. 3,MC-2385,charcoal,,6170,90,,Bohner2004-ba,Banadora,FALSE,,,,,,,,,,,
,Oueili,,niv. 3,MC-2383,charcoal,,6190,90,,Bohner2004-ba,Banadora,FALSE,,,,,,,,,,,
,Oueili,Phase I,E 87 72 1 (V 34),GifA-89150,charcoal,,6460,140,,Bohner2004-ba,Huot (ed.) 1996,FALSE,,,,,,,,,,,
,Oueili,Phase I,E 87 49 3 (T 34) fosse anterieure,GifA-89149,charcoal,,6680,110,,Bohner2004-ba,Huot (ed.) 1996,FALSE,,,,,,,,,,,
,Oueili,Phase II,E 87 67 1 (W 34),Ly-4550,shell,,6710,160,,Bohner2004-ba,Huot (ed.) 1996,FALSE,,,,,,,,,,,
,Oueili,Phase IA,E 87 59 1 (U 34),GifA-89173,shell,,7320,140,,Bohner2004-ba,Huot (ed.) 1996,FALSE,,,,,,,,,,,
,Oueili,Phase IB,E 87 64 1 (U 34),GifA-89165,shell,,7430,150,,Bohner2004-ba,"Huot 1991, Bernbeck 1994, Huot (ed.) 1996",FALSE,,,,,,,,,,,
,Oueili,Phase II,E 87 67 2 (W 34),Ly-4549,soil,,24470,4700,,Bohner2004-ba,Huot (ed.) 1996,TRUE,,,,,,,,,,,
TCEC208,Palegawra,,,Beta-159542,bone,,11210,110,,Palmisano2017-qp,,FALSE,,,,,,,,,,,
TCEC208,Palegawra,,,Beta-159543,bone,,12510,90,,Palmisano2017-qp,,FALSE,,,,,,,,,,,
TCEC208,Palegawra,,,Beta-159544,bone,,10170,70,,Palmisano2017-qp,,FALSE,,,,,,,,,,,
TCEC208,Palegawra,,,Beta-159545,bone,,8790,70,,Palmisano2017-qp,,FALSE,,,,,,,,,,,
TCEC208,Palegawra,,,GrN-6356,charcoal,,13060,110,,Bohner2004-ba,"Henry and Servello 1974, Kozlowski 1994a",FALSE,,,,,,,,,,,
TCEC208,Palegawra,,,GrN-6357,charcoal,,14480,75,,Bohner2004-ba,"Henry and Servello 1974, Kozlowski 1994a",FALSE,,,,,,,,,,,
TCEC208,Palegawra,,,GrN-6358,charcoal,,14350,280,,Bohner2004-ba,"Henry and Servello 1974, Kozlowski 1994a",FALSE,,,,,,,,,,,
TCEC208,Palegawra,,,GrN-6415,charcoal,,11590,95,,Bohner2004-ba,"Henry and Servello 1974, Kozlowski 1994a",FALSE,,,,,,,,,,,
TCEC208,Palegawra,Zarzian,80–100 cm depth,UCLA-1703A,bone collagen,,13350,460,,Turnbull & Reed 1974,,FALSE,3,1,3,1,2,3,2,1,3,19,
TCEC208,Palegawra,,,UCLA-1703D,bone collagen,,14210,80,,Bohner2004-ba,Kozlowski 1994a,FALSE,,,,,,,,,,,
TCEC208,Palegawra,Zarzian,120 cm depth,UCLA-1714D,bone collagen,Ovis/Capra,14400,760,,Turnbull & Reed 1974,,FALSE,3,1,3,1,2,3,2,1,3,19,
,Pisdeli,Pisdeli,niv. 5,P-157,soil,,5460,160,,Bohner2004-ba,"Ralph 1959, Hole 1987, Chataigner 1995",FALSE,,,,,,,,,,,
,Pisdeli,Pisdeli,niv. 5,P-504,soil,,5518,81,,Bohner2004-ba,"Stuckenrath 1963, Hole 1987, Chataigner 1995",FALSE,,,,,,,,,,,
,Pisdeli,Pisdeli,niv. 10,P-505,soil,,5638,85,,Bohner2004-ba,"Stuckenrath 1963, Hole 1987, Chataigner 1995",FALSE,,,,,,,,,,,
TCEC209,Qermez Dere,,,OxA-3752,seeds (charred),Lens,10145,90,,Palmisano2017-qp,,FALSE,,,,,,,,,,,
TCEC209,Qermez Dere,,,OxA-3753,,,11990,100,,Palmisano2017-qp,,FALSE,,,,,,,,,,,
TCEC209,Qermez Dere,,,OxA-3754,seeds (charred),Lens,9580,95,,Palmisano2017-qp,,FALSE,,,,,,,,,,,
TCEC209,Qermez Dere,,,OxA-3755,seeds (charred),Lens,9710,85,,Palmisano2017-qp,,FALSE,,,,,,,,,,,
TCEC209,Qermez Dere,,,OxA-3756,seeds (charred),Fabaceae,10115,95,,Palmisano2017-qp,,FALSE,,,,,,,,,,,
TCEC209,Qermez Dere,,,OxA-3757,seeds (charred),Lens,9640,85,,Palmisano2017-qp,,FALSE,,,,,,,,,,,
,Rezaiyeh Road,,,P-866,charcoal,,5445,72,,Bohner2004-ba,Stuckenrath et al. 1966,FALSE,,,,,,,,,,,
,RY-2,,,,charcoal,,5730,190,,Bohner2004-ba,Hole et al. 1969,FALSE,,,,,,,,,,,
,Saadiya,Obeid,,LOD-184,,,5579,255,,Bohner2004-ba,Watkins and Campbell 1987,FALSE,,,,,,,,,,,
,Saadiya,Obeid,,LOD-183,,,6072,270,,Bohner2004-ba,Watkins and Campbell 1987,FALSE,,,,,,,,,,,
TCEC210,Sabz,,,I-1493,charcoal,,6470,160,,Bohner2004-ba,"Buckley et al. 1968, Hole 1987",FALSE,,,,,,,,,,,
TCEC210,Sabz,,,I-1497,charcoal,,6740,190,,Bohner2004-ba,"Buckley et al. 1968, Hole 1987",FALSE,,,,,,,,,,,
TCEC210,Sabz,,,I-1499,charcoal,,6050,140,,Bohner2004-ba,"Hole et al. 1969, Hole 1987",FALSE,,,,,,,,,,,
TCEC210,Sabz,,,I-1500,wood,,5410,160,,Bohner2004-ba,"Buckley et al. 1968, Hole 1987",FALSE,,,,,,,,,,,
TCEC210,Sabz,,,I-1501,charcoal,,7460,160,,Bohner2004-ba,"Buckley et al. 1968, Hole 1987",FALSE,,,,,,,,,,,
TCEC210,Sabz,,,I-1502,wood,,6060,140,,Bohner2004-ba,"Buckley et al. 1968, Hole 1987",FALSE,,,,,,,,,,,
TCEC210,Sabz,,,I-1503,wood,,5860,230,,Bohner2004-ba,"Hole et al. 1969, Hole 1987",FALSE,,,,,,,,,,,
TCEC210,Sabz,,,SI-156,wood,,5770,120,,Bohner2004-ba,"Long and Mielke 1966, Hole 1987",FALSE,,,,,,,,,,,
TCEC210,Sabz,,,SI-203,charcoal,,6170,200,,Bohner2004-ba,"Long and Mielke 1967, Hole 1987",FALSE,,,,,,,,,,,
TCEC210,Sabz,,,SI-204,charcoal,,6060,200,,Bohner2004-ba,"Long and Mielke 1967, Hole 1987",FALSE,,,,,,,,,,,
TCEC210,Sabz,,,SI-205,wood,Tamarix,5700,250,,Bohner2004-ba,"Long and Mielke 1967, Hole 1987",FALSE,,,,,,,,,,,
TCEC210,Sabz,,,SI-206,charcoal,,7200,1000,,Bohner2004-ba,"Long and Mielke 1967, Hole 1987",FALSE,,,,,,,,,,,
TCEC210,Sabz,,,UCLA-750A,charcoal,,6070,100,,Bohner2004-ba,"Berger et al. 1965, Hole 1987",FALSE,,,,,,,,,,,
TCEC210,Sabz,,,UCLA-750B,charcoal,,6925,200,,Bohner2004-ba,"Berger et al. 1965, Hole 1987",FALSE,,,,,,,,,,,
TCEC210,Sabz,,,UCLA-750C,charcoal,,9050,160,,Bohner2004-ba,"Berger et al. 1965, Hole 1987",FALSE,,,,,,,,,,,
,Sawwan I,,"level I, sol de la pi�ce 39, du b�t. T 11 oder Level III?",P-857,charcoal,,6808,82,,Bohner2004-ba,"El-Wailly, F et al. 1965, Stuckenrath and Ralph 1965, Hole 1987, Bernbeck 1994",FALSE,,,,,,,,,,,
,Sawwan I,,level III,BM-1438,charcoal,,6980,59,,Bohner2004-ba,"Burleigh et al. 1982a, Bernbeck 1994",FALSE,,,,,,,,,,,
,Sawwan I,,level II-III,BM-1435,charcoal,,7015,66,,Bohner2004-ba,"Burleigh et al. 1982a, Bernbeck 1994, Banadora",FALSE,,,,,,,,,,,
,Sawwan I,,level IIIA,BM-1437,charcoal,,7037,69,,Bohner2004-ba,"Burleigh et al. 1982a, Bernbeck 1994",FALSE,,,,,,,,,,,
,Sawwan I,,level IIIA,BM-1436,charcoal,,7052,57,,Bohner2004-ba,"Burleigh et al. 1982a, Bernbeck 1994",FALSE,,,,,,,,,,,
,Sawwan I,,level III,BM-1434,charcoal,,7069,66,,Bohner2004-ba,"Burleigh et al. 1982a, Bernbeck 1994",FALSE,,,,,,,,,,,
,Sawwan I,,level III,Pr-180,,,7246,146,,Bohner2004-ba,"Watkins and Campbell 1987, Bernbeck 1994",FALSE,,,,,,,,,,,
,Sawwan I,,"level III, sol 3",P-856,charcoal,,7299,86,,Bohner2004-ba,"El-Wailly, F et al. 1965, Stuckenrath and Ralph 1965, Hole 1987, Bernbeck 1994",FALSE,,,,,,,,,,,
,Sawwan I,,"level I, sol 2, pi�ce 21 (-3,5 m)",P-855,charcoal,,7456,73,,Bohner2004-ba,"El-Wailly, F et al. 1965, Stuckenrath and Ralph 1965, Hole 1987, Bernbeck 1994",FALSE,,,,,,,,,,,
TCEC211,Seh Gabi B,,,SI-4909,unknown,,5500,60,,Bohner2004-ba,"Henrickson 1983, Voigt and Dyson 1992",FALSE,,,,,,,,,,,
TCEC211,Seh Gabi B,,,SI-4910,unknown,,5020,70,,Bohner2004-ba,"Henrickson 1983, Voigt and Dyson 1992",FALSE,,,,,,,,,,,
TCEC211,Seh Gabi B,,,SI-4911,unknown,,5240,60,,Bohner2004-ba,"Henrickson 1983, Voigt and Dyson 1992",FALSE,,,,,,,,,,,
TCEC211,Seh Gabi B,,,SI-4912,unknown,,5180,50,,Bohner2004-ba,"Henrickson 1983, Voigt and Dyson 1992",FALSE,,,,,,,,,,,
TCEC211,Seh Gabi B,,,SI-4913,unknown,,5430,50,,Bohner2004-ba,"Henrickson 1983, Voigt and Dyson 1992",FALSE,,,,,,,,,,,
TCEC211,Seh Gabi B,,,SI-4914,unknown,,5160,85,,Bohner2004-ba,"Henrickson 1983, Voigt and Dyson 1992",FALSE,,,,,,,,,,,
TCEC211,Seh Gabi B,,,SI-4915,unknown,,5630,80,,Bohner2004-ba,"Henrickson 1983, Voigt and Dyson 1992",FALSE,,,,,,,,,,,
TCEC212,Seh Gabi C,,,SI-2668,unknown,,6220,80,,Bohner2004-ba,"Levine et al. 1977, Hole 1987",FALSE,,,,,,,,,,,
TCEC212,Seh Gabi C,,,SI-2669,unknown,,6195,105,,Bohner2004-ba,"Levine et al. 1977, Hole 1987",FALSE,,,,,,,,,,,
TCEC212,Seh Gabi C,,,SI-2670,unknown,,6055,80,,Bohner2004-ba,"Levine et al. 1977, Hole 1987",FALSE,,,,,,,,,,,
TCEC235,Shanidar,,,W179,charcoal,,12400,400,,Benz_undated-xm,Kozlowski 1994,FALSE,,,,,,,,,,,
TCEC235,Shanidar,,,W667,charcoal,,10600,300,,Benz_undated-xm,Kozlowski 1994,FALSE,,,,,,,,,,,
TCEC56,Sheikh-e Abad,,"Trench 2, C617, ash layer, S65",Beta-258646,plant remains,Vicia ervilia,8840,60,-23.2,Matthews et al. 2013b,,FALSE,,,,,,,,,,,
TCEC56,Sheikh-e Abad,,"Trench 1, C512, ash layer, S75",Beta-258647,plant remains,Astragalus,10130,60,,Matthews et al. 2013b,,FALSE,,,,,,,,,,,
TCEC56,Sheikh-e Abad,,"Trench 3, C800, Building 2, 'shrine' floor, S800a",Beta-258648,bone collagen,Ovis/Capra,8600,40,-18.9,Matthews et al. 2013b,,FALSE,,,,,,,,,,,
TCEC56,Sheikh-e Abad,,"Trench 1, C515, ash layer, S2",Beta-267508,charcoal,,9970,50,-23.8,Matthews et al. 2013b,,FALSE,,,,,,,,,,,
TCEC56,Sheikh-e Abad,,"Trench 1, C511, ash layer, S68",Beta-267509,plant remains,Poaceae,9730,60,-22.7,Matthews et al. 2013b,,FALSE,,,,,,,,,,,
,Salat Camii Yanı,,,TKa-14516,charcoal,,7690,45,,Palmisano2017-qp,,,,,,,,,,,,,
,Salat Camii Yanı,,,TKa-14517,charcoal,,7770,60,,Palmisano2017-qp,,,,,,,,,,,,,
,Salat Camii Yanı,,,TKa-14518,charcoal,,7760,40,,Palmisano2017-qp,,,,,,,,,,,,,
,Salat Camii Yanı,,,TKa-14519,charcoal,,7705,50,,Palmisano2017-qp,,,,,,,,,,,,,
,Salat Camii Yanı,,,TKa-14520,charcoal,,7710,50,,Palmisano2017-qp,,,,,,,,,,,,,
,Salat Camii Yanı,,,TKa-14521,charcoal,,7650,50,,Palmisano2017-qp,,,,,,,,,,,,,
,Salat Camii Yanı,,,TKa-14522,grain,Hordeum vulgare,7720,45,,Palmisano2017-qp,,,,,,,,,,,,,
,Salat Camii Yanı,,,TKa-14523,grain,Triticum turgidum,7640,40,,Palmisano2017-qp,,,,,,,,,,,,,
,Salat Camii Yanı,,,TKa-14524,grain,Triticum turgidum,7655,50,,Palmisano2017-qp,,,,,,,,,,,,,
,Salat Camii Yanı,,,TKa-14533,ceramic (organic temper),,7715,50,,Palmisano2017-qp,,,,,,,,,,,,,
,Salat Camii Yanı,,,UCI-AMS-21256,charcoal,,7525,25,,Palmisano2017-qp,,,,,,,,,,,,,
,Salat Camii Yanı,,,UCI-AMS-21257,charcoal,,7630,25,,Palmisano2017-qp,,,,,,,,,,,,,
,Salat Camii Yanı,,,UCI-AMS-21698,charcoal,,7690,25,,Palmisano2017-qp,,,,,,,,,,,,,
TCEC213,Shimshara,,,K-951,ceramic,,7940,150,,Bohner2004-ba,"Tauber 1968, Hole 1987, Bernbeck 1994",FALSE,,,,,,,,,,,
TCEC213,Shimshara,,,K-960,unknown,,7300,150,,Bohner2004-ba,"Tauber 1968, Hole 1987, Bernbeck 1994",FALSE,,,,,,,,,,,
TCEC213,Shimshara,,,K-972,ceramic,,7820,150,,Bohner2004-ba,"Tauber 1968, Hole 1987, Bernbeck 1994",FALSE,,,,,,,,,,,
TCEC213,Shimshara,,,K-981,ceramic,,10030,160,,Bohner2004-ba,"Tauber 1968, Hole 1987, Bernbeck 1994",FALSE,,,,,,,,,,,
TCEC214,Siabid,,,P-442,charcoal,,5815,83,,Bohner2004-ba,"Stuckenrath 1963, Hole 1987",FALSE,,,,,,,,,,,
TCEC214,Siabid,,,QU-1035,unknown,,5870,120,,Bohner2004-ba,"Henrickson 1983, Hole 1987, Voigt and Dyson 1992",FALSE,,,,,,,,,,,
,Sinn,,level XIII,GrN-9831,,,8170,100,,Bohner2004-ba,Roodenberg 1979,FALSE,,,,,,,,,,,
,Sinn,,level XIV,GrN-9832,,,8280,40,,Bohner2004-ba,Roodenberg 1979,FALSE,,,,,,,,,,,
,Sinn,,level XIV,GrN-9833,,,8650,50,,Bohner2004-ba,Roodenberg 1979,FALSE,,,,,,,,,,,
,Sotto,,,IGAN-780,,,7010,150,,Bohner2004-ba,Bader 1989,FALSE,,,,,,,,,,,
,Sotto,,,IGAN-774,,,7150,50,,Bohner2004-ba,Bader 1989,FALSE,,,,,,,,,,,
,Sotto,,,IGAN-769,,,7470,60,,Bohner2004-ba,Bader 1989,FALSE,,,,,,,,,,,
TCEC215,Susa,,,GrN-6052,unknown,,5531,40,,Bohner2004-ba,Hole 1987,FALSE,,,,,,,,,,,
TCEC215,Susa,,,GrN-6054,unknown,,5433,75,,Bohner2004-ba,Hole 1987,FALSE,,,,,,,,,,,
TCEC215,Susa,,,P-912,unknown,,5581,72,,Bohner2004-ba,Hole 1987,FALSE,,,,,,,,,,,
TCEC215,Susa,,,TUNC-58,unknown,,5665,121,,Bohner2004-ba,Hole 1987,FALSE,,,,,,,,,,,
TCEC215,Susa,,,TUNC-59,unknown,,4636,93,,Bohner2004-ba,"Stuckenrath and Mielke 1973, Renfrew 1978",FALSE,,,,,,,,,,,
TCEC215,Susa,,,,unknown,,5093,105,,Bohner2004-ba,Hole 1987,FALSE,,,,,,,,,,,
TCEC216,Tall-e Bakun A,Level 3,"Sq. BB 27, trash heap near oven",Beta-207562,plant remains,,5560,40,,Alizadeh 2006,Alizadeh 2006,FALSE,,,,,,,,,,,
TCEC216,Tall-e Bakun A,Level 4,"Sq. BB 27, trash deposit",Beta-210983,plant remains,,5570,40,,Alizadeh 2006,Alizadeh 2006,FALSE,,,,,,,,,,,
TCEC217,Tall-e Bakun B,Bakun B2,"Stratigraphic trench, 1.90 m above virgin soil, occupational debris",Beta-210985,plant remains,,6460,40,,Alizadeh 2006,Alizadeh 2006,FALSE,,,,,,,,,,,
TCEC218,Tall-i Jari A,Bakun B1,"20 cm above virgin soil, occupational debris",AA-63492,bone,,6280,69,,Alizadeh 2006,Alizadeh 2006,FALSE,,,,,,,,,,,
TCEC218,Tall-i Jari A,Bakun B1,"Feature 13, Oven",Beta-207564,plant remains,,6170,40,,Alizadeh 2006,Alizadeh 2006,FALSE,,,,,,,,,,,
TCEC218,Tall-i Jari A,Bakun B1,"Feature 9, Oven",Beta-210982,plant remains,,6010,40,,Alizadeh 2006,Alizadeh 2006,FALSE,,,,,,,,,,,
TCEC219,Tall-i Jari B,Level 8,"WT, Layer 6, R5a",AA-56410,bone,,7173,71,-17.2,Nishiaki2010-ka,Mashkour et al. 2006,FALSE,,,,,,,,,,,
TCEC219,Tall-i Jari B,Level 4,"AIII, Layer 5, R7-fill",AA-56411,bone,,7259,74,-13.7,Nishiaki2010-ka,Mashkour et al. 2006,FALSE,,,,,,,,,,,
TCEC219,Tall-i Jari B,Level 1,"C, Layer 2",AA-56412,bone,,6939,72,-17.6,Nishiaki2010-ka,Mashkour et al. 2006,FALSE,,,,,,,,,,,
TCEC219,Tall-i Jari B,Level 1,"AIII, Layer 1–2",AA-56413,bone,,6867,50,-19.4,Nishiaki2010-ka,Mashkour et al. 2006,FALSE,,,,,,,,,,,
TCEC219,Tall-i Jari B,Level 4,"WT, Layer 2, R1-fill",AA-56415,bone,,7127,69,-15.5,Nishiaki2010-ka,Mashkour et al. 2006,FALSE,,,,,,,,,,,
TCEC219,Tall-i Jari B,,"50 cm above virgin soil, occupational debris",AA-65264,bone,,7297,45,,Nishiaki2010-ka,Alizadeh 2006,FALSE,,,,,,,,,,,
TCEC219,Tall-i Jari B,,"-1.65 m below surface, oven?",Beta-207565,bone,,7140,40,,Nishiaki2010-ka,Alizadeh 2006,FALSE,,,,,,,,,,,
TCEC220,Tall-i Mushki,Level 3,MS-K11-3a,AA-56409,bone collagen,,7347,71,-18,Nishiaki2010-ka,Mashkour et al. 2006,FALSE,,,,,,,,,,,
TCEC220,Tall-i Mushki,Level 22,Above virgin soil,AA-63493,plant remains,,7707,76,,Nishiaki2010-ka,Alizadeh 2006,FALSE,,,,,,,,,,,Discrepency between Alizadeh's levels and Nishiaki's levels?
TCEC220,Tall-i Mushki,Level 17,Burnt surface,Beta-207563,plant remains,,7220,40,,Nishiaki2010-ka,Alizadeh 2006,FALSE,,,,,,,,,,,Discrepency between Alizadeh's levels and Nishiaki's levels?
TCEC220,Tall-i Mushki,Level 12,Occupational debris,Beta-210984,plant remains,,7250,40,,Nishiaki2010-ka,Alizadeh 2006,FALSE,,,,,,,,,,,Discrepency between Alizadeh's levels and Nishiaki's levels?
TCEC220,Tall-i Mushki,Level 2,,TK-34,charcoal,,8640,120,,Nishiaki2010-ka,Fukai et al. 1973,FALSE,,,,,,,,,,,
TCEC220,Tall-i Mushki,Level 2,,TK-35a,bone mineral,,3610,110,,Nishiaki2010-ka,Fukai et al. 1973,FALSE,0,,,1,,,,,,,"TK-35a and TK-35b ""based on the same animal bone, using inorganic and organic materials respectively"" (Nishiaki 2010: 3)"
TCEC220,Tall-i Mushki,Level 2,,TK-35b,bone collagen,,6800,600,,Nishiaki2010-ka,Fukai et al. 1973,FALSE,,,,,,,,,,,"TK-35a and TK-35b ""based on the same animal bone, using inorganic and organic materials respectively"" (Nishiaki 2010: 3)"
TCEC220,Tall-i Mushki,Level 3,MS-L12-3a,TK-571,charcoal,,7270,80,,Nishiaki2010-ka,,FALSE,,,,,,,,,,,"Date obtained 1984, but not published until 2017"
TCEC220,Tall-i Mushki,Level 3,MS-K11-3,TKa-13814,charcoal,,7410,35,,Nishiaki2010-ka,,FALSE,,,,,,,,,,,
TCEC220,Tall-i Mushki,Level 3,MS-K11-3,TKa-13815,charcoal,,7455,35,,Nishiaki2010-ka,,FALSE,,,,,,,,,,,
TCEC220,Tall-i Mushki,Level 3,MS-K12-3a,TKa-13816,charcoal,,7420,40,,Nishiaki2010-ka,,FALSE,,,,,,,,,,,
TCEC220,Tall-i Mushki,Level 2,MS-L11-2a1,TKa-13817,charcoal,,7425,35,,Nishiaki2010-ka,,FALSE,,,,,,,,,,,
TCEC220,Tall-i Mushki,Level 4,MS-L11-4,TKa-13818,charcoal,,7370,30,,Nishiaki2010-ka,,FALSE,,,,,,,,,,,
TCEC220,Tall-i Mushki,Level 2,MS-L12-2a1/2/3,TKa-13819,charcoal,,7370,35,,Nishiaki2010-ka,,FALSE,,,,,,,,,,,
TCEC220,Tall-i Mushki,Level 2,MS-L12-2b1,TKa-13820,charcoal,,7330,35,,Nishiaki2010-ka,,FALSE,,,,,,,,,,,
TCEC220,Tall-i Mushki,Level 1,MS-L12-1b (Room 8),TKa-13821,charcoal,,7270,150,,Nishiaki2010-ka,,FALSE,,,,,,,,,,,
TCEC53,Tapeh Abdul Hosein,12032,,GX-6353,charcoal,,8100,255,,Darabi2015-jm,Pullar 1981; Pullar 1990,FALSE,,,,,,,,,,,
TCEC53,Tapeh Abdul Hosein,12053,,GX-6355,charcoal,,8665,195,,Darabi2015-jm,Pullar 1981; Pullar 1990,FALSE,,,,,,,,,,,
TCEC53,Tapeh Abdul Hosein,11045,,GX-6356,charcoal,,8945,275,,Darabi2015-jm,Pullar 1981; Pullar 1990,FALSE,,,,,,,,,,,
TCEC53,Tapeh Abdul Hosein,11021,,GX-6357,charcoal,,8935,245,,Darabi2015-jm,Pullar 1981; Pullar 1990,FALSE,,,,,,,,,,,
TCEC53,Tapeh Abdul Hosein,11051,,GX-6358,charcoal,,7485,280,,Darabi2015-jm,Pullar 1981; Pullar 1990,FALSE,,,,,,,,,,,
TCEC53,Tapeh Abdul Hosein,11061,,GX-6359,charcoal,,8655,240,,Darabi2015-jm,Pullar 1981; Pullar 1990,FALSE,,,,,,,,,,,
TCEC52,Tapeh Sarab,1A,,B-159547,bone collagen,,7470,70,,Darabi2015-jm,Zeder 2008b,FALSE,,,,,,,,,,,
TCEC52,Tapeh Sarab,3,,B-159548,bone collagen,,7950,60,,Darabi2015-jm,Zeder 2008b,FALSE,,,,,,,,,,,
TCEC52,Tapeh Sarab,5,,B-159549,bone collagen,,7800,60,,Darabi2015-jm,Zeder 2008b,FALSE,,,,,,,,,,,
TCEC52,Tapeh Sarab,4,,B-159550,bone collagen,,8070,60,,Darabi2015-jm,Zeder 2008b,FALSE,,,,,,,,,,,
TCEC52,Tapeh Sarab,SI-4,,P-465,charcoal,,7610,100,,Darabi2015-jm,Voigt & Dyson 1992,FALSE,,,,,,,,,,,
TCEC52,Tapeh Sarab,SI-5,,P-466,charcoal,,7960,100,,Darabi2015-jm,Voigt & Dyson 1992,FALSE,,,,,,,,,,,
TCEC52,Tapeh Sarab,SI-1,,P-467,charcoal,,7640,90,,Darabi2015-jm,Voigt & Dyson 1992,FALSE,,,,,,,,,,,
TCEC52,Tapeh Sarab,,,UCLA-1714A,,,7850,,,Darabi2015-jm,Mellaart 1975,FALSE,,,,,,,,,,,
TCEC221,Telul eth-Thalathat II,,,TK-198,unknown,,7800,80,,Bohner2004-ba,"Fukai et al. 1981, Bernbeck 1994",FALSE,,,,,,,,,,,
TCEC221,Telul eth-Thalathat II,,,TK-199a,charcoal,,6340,390,,Bohner2004-ba,"Fukai et al. 1981, Kozlowski 1994a",FALSE,,,,,,,,,,,
TCEC221,Telul eth-Thalathat II,,,TK-199b,charcoal,,6680,290,,Bohner2004-ba,"Fukai et al. 1981, Kozlowski 1994a",FALSE,,,,,,,,,,,
TCEC221,Telul eth-Thalathat II,,,TK-23,unknown,,7360,100,,Bohner2004-ba,"Sato et al. 1969, Bernbeck 1994, Banadora",FALSE,,,,,,,,,,,
TCEC221,Telul eth-Thalathat II,,,TK-24,charcoal,,7520,120,,Bohner2004-ba,"Sato et al. 1969, Bernbeck 1994",FALSE,,,,,,,,,,,
TCEC221,Telul eth-Thalathat II,,,TKa-13418,charcoal,,7520,60,,Palmisano2017-qp,,FALSE,,,,,,,,,,,
TCEC221,Telul eth-Thalathat II,,,TKa-13420,charcoal,,7600,60,,Palmisano2017-qp,,FALSE,,,,,,,,,,,
TCEC221,Telul eth-Thalathat II,,,TKa-13421,charcoal,,7620,50,,Palmisano2017-qp,,FALSE,,,,,,,,,,,
TCEC51,Tepe Guran,D,,B-147111,bone collagen,,7630,60,,Darabi2015-jm,Zeder 2008b,FALSE,,,,,,,,,,,
TCEC51,Tepe Guran,F,,B-147112,bone collagen,,7260,40,,Darabi2015-jm,Zeder 2008b,FALSE,,,,,,,,,,,
TCEC51,Tepe Guran,H,,B-147113,bone collagen,,7950,40,,Darabi2015-jm,Zeder 2008b,FALSE,,,,,,,,,,,
TCEC51,Tepe Guran,K,,B-147114,bone collagen,,7080,60,,Darabi2015-jm,Zeder 2008b,FALSE,,,,,,,,,,,
TCEC51,Tepe Guran,L,,B-147115,bone collagen,,7940,40,,Darabi2015-jm,Zeder 2008b,FALSE,,,,,,,,,,,
TCEC51,Tepe Guran,N,,B-147116,bone collagen,,3690,40,,Darabi2015-jm,Zeder 2008b,FALSE,,,,,,,,,,,
TCEC51,Tepe Guran,P,,B-147117,bone collagen,,7890,40,,Darabi2015-jm,Zeder 2008b,FALSE,,,,,,,,,,,
TCEC51,Tepe Guran,Q,,B-147118,bone collagen,,8070,40,,Darabi2015-jm,Zeder 2008b,FALSE,,,,,,,,,,,
TCEC51,Tepe Guran,R,,B-147119,bone collagen,,8000,50,,Darabi2015-jm,Zeder 2008b,FALSE,,,,,,,,,,,
TCEC51,Tepe Guran,U,,B-147120,bone collagen,,8060,40,,Darabi2015-jm,Zeder 2008b,FALSE,,,,,,,,,,,
TCEC51,Tepe Guran,V,,B-147121,bone collagen,,7820,50,,Darabi2015-jm,Zeder 2008b,FALSE,,,,,,,,,,,
TCEC51,Tepe Guran,T,,B-147122,bone collagen,,8170,40,,Darabi2015-jm,Zeder 2008b,FALSE,,,,,,,,,,,
TCEC51,Tepe Guran,L,,B-177116,bone collagen,,8130,40,,Darabi2015-jm,Zeder 2008b,FALSE,,,,,,,,,,,
TCEC51,Tepe Guran,V,,B-177117,bone collagen,,8280,40,,Darabi2015-jm,Zeder 2008b,FALSE,,,,,,,,,,,
TCEC51,Tepe Guran,H,,B-177131,bone collagen,,7810,40,,Darabi2015-jm,Zeder 2008b,FALSE,,,,,,,,,,,
TCEC51,Tepe Guran,U,,K-1006,charcoal,Pistacia,8410,200,,Darabi2015-jm,"Tauber 1968, Hole 1987a",FALSE,,,,,,,,,,,
TCEC51,Tepe Guran,H,,K-879,charcoal,,7760,150,,Darabi2015-jm,Hole 1987a,FALSE,,,,,,,,,,,
TCEC51,Tepe Guran,H,,,charcoal,,5810,150,,Darabi2015-jm,Mortensen 2014,FALSE,,,,,,,,,,,
TCEC51,Tepe Guran,U,,,charcoal,,6460,200,,Darabi2015-jm,Mortensen 2014,FALSE,,,,,,,,,,,
TCEC51,Tepe Guran,V,,,charcoal,,6720,200,,Darabi2015-jm,Mortensen 2014,FALSE,,,,,,,,,,,
TCEC236,Tepe Rahmatabad,,"Trench A, Unit A Loc 53, Level A IV",KIA-33174,charcoal,,7945,,,Azizi Kharanaghi et al. 2013,Bernbeck et al. 2008,FALSE,,,,,,,,,,,
TCEC236,Tepe Rahmatabad,,"Trench A, Unit A Loc 61, Level A VI",KIA-33173,charcoal,,8023,45,,Azizi Kharanaghi et al. 2013,Bernbeck et al. 2008,FALSE,,,,,,,,,,,
TCEC236,Tepe Rahmatabad,,"Trench A, Unit A Loc 62, Level A VII",UZ-5331,charcoal,,7925,75,,Azizi Kharanaghi et al. 2013,Bernbeck et al. 2008,FALSE,,,,,,,,,,,
,Uqair A,,,P-1498,shell,,6599,107,,Bohner2004-ba,Lawn 1973,FALSE,,,,,,,,,,,
,Warka,,IVA,,,,4883,85,,Bohner2004-ba,"nd, Renfrew 1978",FALSE,,,,,,,,,,,
,Warka,,"niv. XVIII (le plus profond dans le sondage l'Eanna), repose sur le sol vierge",H-138-123,organic material,,6070,160,,Bohner2004-ba,"Science 127, 1958",FALSE,,,,,,,,,,,
,Yanik,Pisdeli,niv. MC 8,P-1245,charcoal,,5090,56,,Bohner2004-ba,"Stuckenrath and Lawn 1969, Chataigner 1995",FALSE,,,,,,,,,,,
,Yanik,Pisdeli,niv. MC 17,P-1246,charcoal,,5267,73,,Bohner2004-ba,"Stuckenrath and Lawn 1969, Chataigner 1995",FALSE,,,,,,,,,,,
,Yanik,Hajji Firuz,niv. P 5,P-1243,charcoal,,6926,80,,Bohner2004-ba,"Stuckenrath and Lawn 1969, Hole 1987, Chataigner 1995",FALSE,,,,,,,,,,,
,Yanik,Hajji Firuz,niv. P 7,P-1244,charcoal,,7035,69,,Bohner2004-ba,"Stuckenrath and Lawn 1969, Hole 1987, Chataigner 1995, Banadora",FALSE,,,,,,,,,,,
TCEC222,Yarim Tepe I,,niv. 7-8,LE-1070,,,7040,100,,Bohner2004-ba,"Merpert et al. 1976, Munchaev et al. 1981, Bernbeck 1994",FALSE,,,,,,,,,,,
TCEC222,Yarim Tepe I,,niv. 7,LE-1086,,,7150,90,,Bohner2004-ba,"Merpert et al. 1976, Munchaev et al. 1981, Bernbeck 1994",FALSE,,,,,,,,,,,
TCEC222,Yarim Tepe II,,"niv. VI, -4,20 m",LE-1173,,,6110,110,,Bohner2004-ba,Munchaev et al. 1981,FALSE,,,,,,,,,,,
TCEC222,Yarim Tepe II,,"niv. III, -1,70 � -1,90 m",LE-1015,,,6160,130,,Bohner2004-ba,"Merpert et al. 1981, Bernbeck 1994",FALSE,,,,,,,,,,,
TCEC222,Yarim Tepe II,,"niv. VII, -4,85 � -5,20 m",LE-1212,,,6400,120,,Bohner2004-ba,Munchaev et al. 1981,FALSE,,,,,,,,,,,
TCEC222,Yarim Tepe II,,"niv. VI, -4,40 Xa -4,60 m",LE-1172,,,6430,80,,Bohner2004-ba,Munchaev et al. 1981,FALSE,,,,,,,,,,,
TCEC222,Yarim Tepe II,,"niv. VI, -4,70 m",LE-1174,,,6440,80,,Bohner2004-ba,Munchaev et al. 1981,FALSE,,,,,,,,,,,
TCEC222,Yarim Tepe II,,"niv. VI, -4,30 m",LE-1211,,,6500,100,,Bohner2004-ba,Munchaev et al. 1981,FALSE,,,,,,,,,,,
TCEC222,Yarim Tepe II,,"niv. VIII, -5,30 � 5,50 m",SOAN-1291,,,6660,40,,Bohner2004-ba,Munchaev et al. 1981,FALSE,,,,,,,,,,,
TCEC222,Yarim Tepe II,,"niv. Viii, entre -5,40 et -5,85 m",LE-1011,,,6790,180,,Bohner2004-ba,"Munchaev et al. 1981, Bernbeck 1994",FALSE,,,,,,,,,,,
TCEC222,Yarim Tepe II,,"niv. III, -1,50 m",LE-1012,,,7170,180,,Bohner2004-ba,Munchaev et al. 1981,FALSE,,,,,,,,,,,
,Zaghe,,"niv. I, Cheschmeh Ali",TUNC-10,,,4910,70,,Bohner2004-ba,Bovington and Masoumi 1972,FALSE,,,,,,,,,,,
,Zaghe,,"-2,89 m",TUNC-12,carbonised wood,,7147,91,,Bohner2004-ba,Bovington and Masoumi 1972,FALSE,,,,,,,,,,,
TCEC223,Zawi Chemi Shanidar,,,W-179,charcoal,,12400,400,,Bohner2004-ba,"Hole and Flannery 1967, Hole 1987, Kozlowski 1994a",FALSE,,,,,,,,,,,
TCEC223,Zawi Chemi Shanidar,,,W-667,charcoal,,10600,300,,Bohner2004-ba,"Rubin and Alexander 1960, Solecki, R.S. 1963, Hole 1987, Kozlowski 1994a",FALSE,,,,,,,,,,,
TCEC223,Zawi Chemi Shanidar,,,W-681,charcoal,,10800,300,,Bohner2004-ba,"Rubin and Alexander 1960, Hole 1987, Kozlowski 1994a",FALSE,,,,,,,,,,,
TCEC224,Zeribar,,,Y-1160,pollen,,14800,300,,Bohner2004-ba,Hole 1987,FALSE,,,,,,,,,,,
TCEC224,Zeribar,,,Y-934,pollen,,5460,120,,Bohner2004-ba,Hole 1987,FALSE,,,,,,,,,,,