site_id,site_name,site_phase,context,lab_id,material,taxon,cra,error,d13C,reference,source,hygiene_c1,hygiene_c2,hygience_c3,hygiene_c4,hygiene_c5,hygiene_a1,hygiene_a2,hygiene_a3,hygiene_a4,hygiene_sum,comment
,Ali Agha,,,P-1499,charcoal,,6927,63,,Lawn 1973,CONTEXT,,,,,,,,,,,
,Ali Kosh,BM,,B-108256,unknown,,8000,50,,Zeder & Hesse 2000,CONTEXT,,,,,,,,,,,
,Ali Kosh,MJ,,B-118719,unknown,,8130,70,,Zeder & Hesse 2000,CONTEXT,,,,,,,,,,,
,Ali Kosh,,,B-118720,unknown,,8140,70,,Zeder & Hesse 2000,CONTEXT,,,,,,,,,,,
,Ali Kosh,AK,,B-118722,unknown,,8110,80,,Zeder & Hesse 2000,CONTEXT,,,,,,,,,,,
,Ali Kosh,,,B-118723,unknown,,8490,90,,Zeder & Hesse 2000,CONTEXT,,,,,,,,,,,
,Ali Kosh,,,B-118724,unknown,,8340,100,,Zeder & Hesse 2000,CONTEXT,,,,,,,,,,,
,Ali Kosh,,,B-122721,unknown,,8540,90,,Zeder & Hesse 2000,CONTEXT,,,,,,,,,,,
,Ali Kosh,,,H-1833,charcoal,,8425,180,,"Hole et al. 1969, Hole 1987",CONTEXT,,,,,,,,,,,
,Ali Kosh,,,H-1845,unknown,organic material,8250,175,,"Hole et al. 1969, Hole 1987",CONTEXT,,,,,,,,,,,
,Ali Kosh,,,H-1848,unknown,matiÃ¨re organique,7770,330,,"Hole et al. 1969, Hole 1987",CONTEXT,,,,,,,,,,,
,Ali Kosh,,,I-1489,plant remains,carbinized grain,7660,170,,"Buckley et al. 1968, Hole et al. 1969, Hole 1987",CONTEXT,,,,,,,,,,,
,Ali Kosh,,,I-1490,charcoal,,9950,190,,"Hole et al. 1969, Hole 1987",CONTEXT,,,,,,,,,,,
,Ali Kosh,,,I-1491,charcoal,charcoal/ ash,8100,170,,"Buckley et al. 1968, Barker et al. 1969, Hole et al. 1969, Hole 1987",CONTEXT,,,,,,,,,,,
,Ali Kosh,,,I-1494,charcoal,charcoal/ ash,7820,190,,"Buckley et al. 1968, Barker et al. 1969, Hole et al. 1969, Hole 1987",CONTEXT,,,,,,,,,,,
,Ali Kosh,,,I-1495,charcoal,charcoal/ ash,7220,160,,"Hole et al. 1969, Hole 1987",CONTEXT,,,,,,,,,,,
,Ali Kosh,,,I-1496,plant remains,carbinized grain ans ash,7380,130,,"Buckley et al. 1968, Barker et al. 1969, Hole et al. 1969, Hole 1987",CONTEXT,,,,,,,,,,,
,Ali Kosh,,,O-1816,charcoal,,8425,180,,"Hole et al. 1969, Hole 1987",CONTEXT,,,,,,,,,,,
,Ali Kosh,,,OxA-1773,bone,"metapodial (chÃ¨vre), burnt",7830,90,,Housley 1994,CONTEXT,,,,,,,,,,,
,Ali Kosh,,,OxA-1774,bone,"astralagus (chÃ¨vre), burnt",7950,110,,Housley 1994,CONTEXT,,,,,,,,,,,
,Ali Kosh,,,OxA-1775,bone,"petrous, (chÃ¨vre), burnt",7480,90,,Housley 1994,CONTEXT,,,,,,,,,,,
,Ali Kosh,,,S-1174,charcoal,,8850,210,,"Hole et al. 1969, Hole 1987",CONTEXT,,,,,,,,,,,
,Ali Kosh,,,S-1246,charcoal,,8410,200,,"Hole et al. 1969, Hole 1987",CONTEXT,,,,,,,,,,,
,Ali Kosh,,,SI-160,plant remains,"prosopis sp., ash and grain",8920,100,,"Long and Mielke 1966, Hole et al. 1969, Hole 1987",CONTEXT,,,,,,,,,,,
,Ali Kosh,,,SI-160R,plant remains,"prosopis sp., ash and grain",8890,200,,"Long and Mielke 1966, Hole et al. 1969",CONTEXT,,,,,,,,,,,
,Ali Kosh,,,SI-207,charcoal,,7740,600,,"Long and Mielke 1967, Hole et al. 1969, Hole 1987",CONTEXT,,,,,,,,,,,
,Ali Kosh,,,UCLA-750D,charcoal,,9900,200,,"Berger et al. 1965, Hole et al. 1969, Hole 1987",CONTEXT,,,,,,,,,,,
,Arpachiyah,,,BM-1531,charcoal,,6930,60,,"Hijara et al. 1980, Burleigh et al. 1982a, Watson 1983, Bernbeck 1994",CONTEXT,,,,,,,,,,,
,Arpachiyah,,,P-584,charcoal,charcoal/ ash,7027,83,,"Stuckenrath and Ralph 1965, Coursaget and Le Run 1966, Bernbeck 1994, Chataigner 1995",CONTEXT,,,,,,,,,,,
,Arpachiyah,,,P-585,charcoal,charcoal/ ash,8064,78,,Stuckenrath and Ralph 1965,CONTEXT,,,,,,,,,,,
TCEC50,Asiab,,(2035) <2220>,AAR-26652,plant remains,,9959,30,-26.08,TCEC,TCEC,,,,,,,,,,,
TCEC50,Asiab,,(2035) <2154>,AAR-26653,plant remains,,9980,39,-24.69,TCEC,TCEC,,,,,,,,,,,
TCEC50,Asiab,,(2041) <2085>,AAR-26654,plant remains,,9940,37,-26.42,TCEC,TCEC,,,,,,,,,,,
TCEC50,Asiab,,(2044) <2166>,AAR-26655,plant remains,,9917,27,-26.18,TCEC,TCEC,,,,,,,,,,,
TCEC50,Asiab,,(2054) <2224>,AAR-26656,plant remains,,10024,50,-25.34,TCEC,TCEC,,,,,,,,,,,
TCEC50,Asiab,,(2054) <2217>,AAR-26657,plant remains,,9900,56,-11.37,TCEC,TCEC,,,,,,,,,,,
TCEC50,Asiab,,(2062) <2262>,AAR-26658,plant remains,,9901,41,-25.01,TCEC,TCEC,,,,,,,,,,,
TCEC50,Asiab,,(2061) <2243>,AAR-26659,Dung?,,9912,26,-23.79,TCEC,TCEC,,,,,,,,,,,Material uncertain
TCEC50,Asiab,,,B-159552,bone collagen,,7790,60,,Zeder 2008b,Darabi 2015 (BAR),,,,,,,,,,,
TCEC50,Asiab,,,B-159554,bone collagen,,9370,60,,Zeder 2008b,Darabi 2015 (BAR),,,,,,,,,,,
TCEC50,Asiab,,,B-159555,bone collagen,,9480,80,,Zeder 2008b,Darabi 2015 (BAR),,,,,,,,,,,
TCEC50,Asiab,,,GrN-6413,charcoal,,9755,85,,Howe 1986,Darabi 2015 (BAR),,,,,,,,,,,
TCEC50,Asiab,,,GrN-6434,charcoal,,9755,85,,"Howe 1983, Hole 1987, Voigt and Dyson 1992",CONTEXT,,,,,,,,,,,
TCEC50,Asiab,,,UCLA-1714B,bone collagen,,8900,100,,Howe 1984,Darabi 2015 (BAR),,,,,,,,,,,
TCEC50,Asiab,,,UCLA-1714C,bone collagen,Ovicaprid,8700,100,,Howe 1983,Darabi 2015 (BAR),,,,,,,,,,,
TCEC50,Asiab,,,UCLA-1714F,bone collagen,Ovicaprid,9050,300,,Howe 1985,Darabi 2015 (BAR),,,,,,,,,,,
,Bakun B,,,P-438,charcoal,,5990,81,,Stuckenrath 1963,CONTEXT,,,,,,,,,,,
,Bakun B,,,P-931,soil,ash,6246,70,,Stuckenrath et al. 1966,CONTEXT,,,,,,,,,,,
,Banahilk,,,P-1501,unknown,material from hearth,6309,78,,"Lawn 1973, Bernbeck 1994",CONTEXT,,,,,,,,,,,
,Banahilk,,,P-1502,charcoal,,6752,85,,"Lawn 1973, Bernbeck 1994",CONTEXT,,,,,,,,,,,
,Banahilk,,,P-1504,shell,Helix,6854,72,,"Lawn 1973, Bernbeck 1994",CONTEXT,,,,,,,,,,,
,Bog-i-No,,,I-1492,charcoal,,6200,140,,Hole et al. 1969,CONTEXT,,,,,,,,,,,
,Chagha Sefid,,,UCLA-293,unknown,,8000,710,,"Hole 1977, Hole 1987",CONTEXT,,,,,,,,,,,
,Chagha Sefid,,,UCLA-294,unknown,,8760,150,,"Hole 1977, Hole 1987",CONTEXT,,,,,,,,,,,
,Chagha Sefid,,,UCLA-295,unknown,,9690,100,,"Hole 1977, Hole 1987",CONTEXT,,,,,,,,,,,
,Chagha Sefid,,,UCLA-296,unknown,,8760,165,,"Hole 1977, Hole 1987",CONTEXT,,,,,,,,,,,
,Chagha Sefid,,,UCLA-297,unknown,,8040,90,,Hole 1987,CONTEXT,,,,,,,,,,,
,Chagha Sefid,,,UCLA-300,unknown,,11270,90,,"Hole 1977, Hole 1987",CONTEXT,,,,,,,,,,,
,Chagha Sefid,,,UCLA-302,unknown,,8085,145,,"Hole 1977, Hole 1987",CONTEXT,,,,,,,,,,,
,Chagha Sefid,,,UCLA-305,unknown,,10425,145,,"Hole 1977, Hole 1987",CONTEXT,,,,,,,,,,,
,Chagha Sefid,,,UCLA-310,unknown,,9530,145,,"Hole 1977, Hole 1987",CONTEXT,,,,,,,,,,,
,Chagha Sefid,,,UGa-291,unknown,,7730,110,,"Hole 1977, Hole 1987",CONTEXT,,,,,,,,,,,
,Choga Mami,,,BM-483,charcoal,,6846,182,,"Oates 1972, Burleigh et al. 1977, Hole 1987, Bernbeck 1994",CONTEXT,,,,,,,,,,,
TCEC54,Chogha Golan,I,,Beta-335608,charcoal,,9637,54,,Riehl et al. 2013,Darabi 2015 (BAR),,,,,,,,,,,
TCEC54,Chogha Golan,II,,Beta-335610,,Triticum,9831,82,,Riehl et al. 2013,Darabi 2015 (BAR),,,,,,,,,,,
TCEC54,Chogha Golan,III,,Erl-14838,,Hordeum,9788,84,,Riehl et al. 2012,Darabi 2015 (BAR),,,,,,,,,,,
TCEC54,Chogha Golan,IV,,Erl-14839,,Hordeum,10037,94,,Riehl et al. 2012,Darabi 2015 (BAR),,,,,,,,,,,
TCEC54,Chogha Golan,III,,Erl-14840,,Poaceae,9839,81,,Riehl et al. 2012,Darabi 2015 (BAR),,,,,,,,,,,
TCEC54,Chogha Golan,VIII,,KIA-43836,plant remains,Hordeum,10656,53,,Riehl et al. 2012,Darabi 2015 (BAR),,,,,,,,,,,
TCEC54,Chogha Golan,XI,,KIA-44944,plant remains,Hordeum,11054,129,,Riehl et al. 2013,Darabi 2015 (BAR),,,,,,,,,,,
TCEC54,Chogha Golan,XII,,KIA-45647,plant remains,Hordeum,11740,187,,Riehl et al. 2013,Darabi 2015 (BAR),,,,,,,,,,,
TCEC55,East Chia Sabz,,,Erl-14835,,Fabaceae,9228,39,,Riehl et al. 2012,Darabi 2015 (BAR),,,,,,,,,,,
TCEC55,East Chia Sabz,,,Erl-14836,shell,Pistacia,8928,37,,Riehl et al. 2012,Darabi 2015 (BAR),,,,,,,,,,,
TCEC55,East Chia Sabz,,,Erl-14837,,Fabaceae,8709,37,,Riehl et al. 2012,Darabi 2015 (BAR),,,,,,,,,,,
TCEC55,East Chia Sabz,2026,,OxA-20994,charcoal,,8750,45,,Darabi et al.2012,Darabi 2015 (BAR),,,,,,,,,,,
TCEC55,East Chia Sabz,2028,,OxA-21028,charcoal,,8830,45,,Darabi et al.2012,Darabi 2015 (BAR),,,,,,,,,,,
TCEC55,East Chia Sabz,2037,,OxA-21029,charcoal,,8830,45,,Darabi et al.2012,Darabi 2015 (BAR),,,,,,,,,,,
TCEC55,East Chia Sabz,2042,,OxA-21030,charcoal,,9015,39,,Darabi et al.2012,Darabi 2015 (BAR),,,,,,,,,,,
TCEC55,East Chia Sabz,2044,,OxA-21031,charcoal,,9180,40,,Darabi et al.2012,Darabi 2015 (BAR),,,,,,,,,,,
TCEC55,East Chia Sabz,2046,,OxA-21032,charcoal,,9225,40,,Darabi et al.2012,Darabi 2015 (BAR),,,,,,,,,,,
TCEC107,Ganj Dareh,A,,B-108238,bone collagen,,8780,50,,Zeder & Hesse 2000,Darabi 2015 (BAR),,,,,,,,,,,
TCEC107,Ganj Dareh,B,,B-108239,bone collagen,,8930,60,,Zeder & Hesse 2000,Darabi 2015 (BAR),,,,,,,,,,,
TCEC107,Ganj Dareh,B,,B-108240,bone collagen,,8780,50,,Zeder & Hesse 2000,Darabi 2015 (BAR),,,,,,,,,,,
TCEC107,Ganj Dareh,B,,B-108241,bone collagen,,8720,50,,Zeder & Hesse 2000,Darabi 2015 (BAR),,,,,,,,,,,
TCEC107,Ganj Dareh,B,,B-108242,bone collagen,,8940,50,,Zeder & Hesse 2000,Darabi 2015 (BAR),,,,,,,,,,,
TCEC107,Ganj Dareh,C,,B-108243,bone collagen,,8920,50,,Zeder & Hesse 2000,Darabi 2015 (BAR),,,,,,,,,,,
TCEC107,Ganj Dareh,D,,B-108244,bone collagen,,8840,50,,Zeder & Hesse 2000,Darabi 2015 (BAR),,,,,,,,,,,
TCEC107,Ganj Dareh,D,,B-108245,bone collagen,,8940,50,,Zeder & Hesse 2000,Darabi 2015 (BAR),,,,,,,,,,,
TCEC107,Ganj Dareh,E,,B-108246,bone collagen,,8870,50,,Zeder & Hesse 2000,Darabi 2015 (BAR),,,,,,,,,,,
TCEC107,Ganj Dareh,E,,B-108247,bone collagen,,8830,50,,Zeder & Hesse 2000,Darabi 2015 (BAR),,,,,,,,,,,
TCEC107,Ganj Dareh,E,,B-108248,bone collagen,,8900,50,,Zeder & Hesse 2000,Darabi 2015 (BAR),,,,,,,,,,,
TCEC107,Ganj Dareh,E,,B-108249,bone collagen,,8840,50,,Zeder & Hesse 2000,Darabi 2015 (BAR),,,,,,,,,,,
TCEC107,Ganj Dareh,D,,Beta-432800,bone collagen,Homo sapiens,8860,50,,Meiklejohn et al. 2017,,,,,,,,,,,,
TCEC107,Ganj Dareh,D,,Beta-436170,bone collagen,Homo sapiens,9000,40,,Meiklejohn et al. 2017,,,,,,,,,,,,
TCEC107,Ganj Dareh,E,,GAK-807,charcoal,,10400,150,,Smith 1972,Darabi 2015 (BAR),,,,,,,,,,,
TCEC107,Ganj Dareh,D/E,,GAK-994,charcoal,,8910,170,,Hesse 1978,Darabi 2015 (BAR),,,,,,,,,,,
TCEC107,Ganj Dareh,B,,OxA-2099,plant remains,Hordeum vulgare,8840,110,,Housley 1994,Darabi 2015 (BAR),,,,,,,,,,,
TCEC107,Ganj Dareh,C/D,,OxA-2100,plant remains,Hordeum vulgare,9010,110,,Housley 1994,Darabi 2015 (BAR),,,,,,,,,,,
TCEC107,Ganj Dareh,D,,OxA-2101,plant remains,Hordeum vulgare,8850,110,,Housley 1994,Darabi 2015 (BAR),,,,,,,,,,,
TCEC107,Ganj Dareh,E,,OxA-2102,plant remains,Hordeum vulgare,8690,110,,Housley 1994,Darabi 2015 (BAR),,,,,,,,,,,
TCEC107,Ganj Dareh,D,,P-1484,bone collagen,,8970,100,,Hesse 1978,Darabi 2015 (BAR),,,,,,,,,,,
TCEC107,Ganj Dareh,D,,P-1485,bone collagen,,9239,196,,Lawn 1970,Darabi 2015 (BAR),,,,,,,,,,,
TCEC107,Ganj Dareh,B,,P-1486,bone collagen,,8890,100,,Hesse 1978,Darabi 2015 (BAR),,,,,,,,,,,
TCEC107,Ganj Dareh,C,,Poz-81100,bone collagen,Homo sapiens,8780,50,,Meiklejohn et al. 2017,,,,,,,,,,,,
TCEC107,Ganj Dareh,D,,Poz-81109,bone collagen,Homo sapiens,8800,50,,Meiklejohn et al. 2017,,,,,,,,,,,,
TCEC107,Ganj Dareh,D,,Poz-81114,bone collagen,Homo sapiens,8850,50,,Meiklejohn et al. 2017,,,,,,,,,,,,
TCEC107,Ganj Dareh,A,,SI-4732,unknown,,8590,70,,Hole 1987b,Darabi 2015 (BAR),,,,,,,,,,,
TCEC107,Ganj Dareh,B,,SI-4733,unknown,,8525,70,,Hole 1987b,Darabi 2015 (BAR),,,,,,,,,,,
TCEC107,Ganj Dareh,B,,SI-4734,unknown,,8110,70,,Hole 1987b,Darabi 2015 (BAR),,,,,,,,,,,
TCEC107,Ganj Dareh,B,,SI-4735,unknown,,8460,70,,Hole 1987b,Darabi 2015 (BAR),,,,,,,,,,,
TCEC107,Ganj Dareh,C,,SI-4736,unknown,,8450,70,,Hole 1987b,Darabi 2015 (BAR),,,,,,,,,,,
TCEC107,Ganj Dareh,C,,SI-4737,unknown,,8650,70,,Hole 1987b,Darabi 2015 (BAR),,,,,,,,,,,
TCEC107,Ganj Dareh,D,,SI-4738,unknown,,8485,70,,Hole 1987b,Darabi 2015 (BAR),,,,,,,,,,,
TCEC107,Ganj Dareh,D,,SI-4739,unknown,,8140,70,,Hole 1987b,Darabi 2015 (BAR),,,,,,,,,,,
TCEC107,Ganj Dareh,D,,SI-4740,unknown,,8535,70,,Hole 1987b,Darabi 2015 (BAR),,,,,,,,,,,
TCEC107,Ganj Dareh,D,,SI-4741,unknown,,8950,70,,Hole 1987b,Darabi 2015 (BAR),,,,,,,,,,,
TCEC107,Ganj Dareh,E,,SI-922,charcoal,,8570,310,,Hesse 1978,Darabi 2015 (BAR),,,,,,,,,,,
TCEC107,Ganj Dareh,E,,SI-923,charcoal,,8630,200,,Hesse 1978,Darabi 2015 (BAR),,,,,,,,,,,
TCEC107,Ganj Dareh,E,,SI-924,charcoal,,8640,90,,Hesse 1978,Darabi 2015 (BAR),,,,,,,,,,,
TCEC107,Ganj Dareh,E,,SI-925,charcoal,,8340,80,,Hesse 1978,Darabi 2015 (BAR),,,,,,,,,,,
,Gap A,,,GAK-197,soil,,5870,160,,"Kigoshi and Endo 1963, Voigt and Dyson 1992",CONTEXT,,,,,,,,,,,
,Gap A,,,GAK-198,soil,,5440,120,,"Kigoshi and Endo 1963, Voigt and Dyson 1992",CONTEXT,,,,,,,,,,,
,Gawra,,,C-817,soil,,5400,325,,"Libby 1955, Science 127, 1958",CONTEXT,,,,,,,,,,,
,Gawra,,,P-1494,soil,,7002,82,,Lawn 1973,CONTEXT,,,,,,,,,,,
,Gawra,,,P-1495,soil,,6420,61,,Lawn 1973,CONTEXT,,,,,,,,,,,
,Gawra,,,P-1496,soil,,5991,72,,Lawn 1973,CONTEXT,,,,,,,,,,,
,Gawra,,,P-1497,soil,,5787,72,,Lawn 1973,CONTEXT,,,,,,,,,,,
,Hajji Firuz,5,,P-455,charcoal,,7270,90,,Chataigner 1995,CONTEXT,,,,,,,,,,,
,Hajji Firuz,4,,P-502,soil,,6900,80,,Chataigner 1995,CONTEXT,,,,,,,,,,,
,Hassuna,,,W-609,charcoal,,3030,200,,Rubin and Alexander 1960,CONTEXT,,,,,,,,,,,
,Hassuna,,,W-660,charcoal,,7040,200,,"Science 127, 1958, Rubin and Alexander 1960, Bernbeck 1994, Chataigner 1995",CONTEXT,,,,,,,,,,,
,Jaffarabad,,,TUNC-3,unknown,,5062,68,,Hole 1987,CONTEXT,,,,,,,,,,,
,Jaffarabad,,,TUNC-4,unknown,,5166,72,,Hole 1987,CONTEXT,,,,,,,,,,,
,Jaffarabad,,,TUNC-43,unknown,,4966,84,,Hole 1987,CONTEXT,,,,,,,,,,,
,Jaffarabad,,,TUNC-44,unknown,,5096,121,,Hole 1987,CONTEXT,,,,,,,,,,,
,Jaffarabad,,,TUNC-46,unknown,,5141,122,,Hole 1987,CONTEXT,,,,,,,,,,,
,Jaffarabad,,,TUNC-48,unknown,,5133,94,,Hole 1987,CONTEXT,,,,,,,,,,,
,Jaffarabad,,,TUNC-5,unknown,,5246,71,,Hole 1987,CONTEXT,,,,,,,,,,,
,Jaffarabad,,,TUNC-6,unknown,,5238,72,,Hole 1987,CONTEXT,,,,,,,,,,,
,Jani,,"Section, C23, ash layer, S72b",Beta-258649,plant remains,Cyperaceae,8860,60,-23.4,Matthews et al. 2013b,Darabi 2015 (BAR),,,,,,,,,,,
,Jani,,"Section, C11, ash layer, S11",Beta-267510,charcoal,,8820,50,,Matthews et al. 2013b,Darabi 2015 (BAR),,,,,,,,,,,
,Jarmo,,,C-113,shell,,6710,320,,"Libby 1955, Braidwood et al. (eds.) 1983, Hole 1987, Kozlowski 1994a",CONTEXT,,,,,,,,,,,
,Jarmo,,,C-742,charcoal,taches de charbon de bois,6606,330,,"Libby 1955, Braidwood et al. (eds.) 1983, Hole 1987, Kozlowski 1994a",CONTEXT,,,,,,,,,,,
,Jarmo,,,C-743,charcoal,,6695,360,,"Libby 1955, Braidwood et al. (eds.) 1983, Hole 1987, Kozlowski 1994a",CONTEXT,,,,,,,,,,,
,Jarmo,,,C-744,charcoal,,5266,450,,"Libby 1955, Braidwood et al. (eds.) 1983, Hole 1987, Kozlowski 1994a",CONTEXT,,,,,,,,,,,
,Jarmo,,,GL-44,charcoal,,6650,170,,"Science 127, 1958, Braidwood et al. (eds.) 1983, Hole 1987, Kozlowski 1994a",CONTEXT,,,,,,,,,,,
,Jarmo,,,GL-45,charcoal,,6670,120,,"Science 127, 1958, Braidwood et al. (eds.) 1983, Hole 1987, Kozlowski 1994a",CONTEXT,,,,,,,,,,,
,Jarmo,,,GL-48,charcoal,,6930,120,,"Braidwood et al. (eds.) 1983, Kozlowski 1994a",CONTEXT,,,,,,,,,,,
,Jarmo,,,GL-49,charcoal,,6300,180,,"Braidwood et al. (eds.) 1983, Kozlowski 1994a",CONTEXT,,,,,,,,,,,
,Jarmo,,,GL-50,charcoal,,6750,120,,"Braidwood et al. (eds.) 1983, Kozlowski 1994a",CONTEXT,,,,,,,,,,,
,Jarmo,,,GrN-6353,ceramic,,7655,75,,"Braidwood et al. (eds.) 1983, Hole 1987, Kozlowski 1994a",CONTEXT,,,,,,,,,,,
,Jarmo,,,H-551/-491,charcoal,,8525,175,,"Braidwood 1958b, Braidwood et al. (eds.) 1983, Hole 1987, Kozlowski 1994a",CONTEXT,,,,,,,,,,,
,Jarmo,,,UCLA-1714E,bone,"Onager, collagen",7980,140,,"Berger et al. 1973, Braidwood et al. (eds.) 1983, Hole 1987, Kozlowski 1994a",CONTEXT,,,,,,,,,,,
,Jarmo,,,UCLA-1723A,bone collagen,Ovis,7800,120,,"Berger et al. 1973, Braidwood et al. (eds.) 1983, Hole 1987, Kozlowski 1994a",CONTEXT,,,,,,,,,,,
,Jarmo,,,UCLA-1723B,bone collagen,Bos,7270,200,,"Berger et al. 1973, Braidwood et al. (eds.) 1983, Hole 1987, Kozlowski 1994a",CONTEXT,,,,,,,,,,,
,Jarmo,,,UCLA-1723C,bone collagen,Bos,6180,300,,"Berger et al. 1973, Braidwood et al. (eds.) 1983, Hole 1987, Kozlowski 1994a",CONTEXT,,,,,,,,,,,
,Jarmo,,,UCLA-1723D,bone collagen,Bos,6550,200,,"Berger et al. 1973, Braidwood et al. (eds.) 1983, Hole 1987, Kozlowski 1994a",CONTEXT,,,,,,,,,,,
,Jarmo,,,W-607,soil,ash from hearth,9040,250,,"Rubin and Alexander 1960, Braidwood et al. (eds.) 1983, Hole 1987, Kozlowski 1994a",CONTEXT,,,,,,,,,,,
,Jarmo,,,W-608,bone,humic acid,7750,250,,"Rubin and Alexander 1960, Braidwood et al. (eds.) 1983, Hole 1987, Kozlowski 1994a",CONTEXT,,,,,,,,,,,
,Jarmo,,,W-651,charcoal,,8830,200,,"Rubin and Alexander 1960, Braidwood et al. (eds.) 1983, Hole 1987, Kozlowski 1994a",CONTEXT,,,,,,,,,,,
,Jarmo,,,W-652,charcoal,,7950,200,,"Rubin and Alexander 1960, Braidwood et al. (eds.) 1983, Hole 1987, Kozlowski 1994a",CONTEXT,,,,,,,,,,,
,Jarmo,,,W-657,soil,ashy soil,11240,300,,"Rubin and Alexander 1960, Braidwood et al. (eds.) 1983, Hole 1987, Kozlowski 1994a",CONTEXT,,,,,,,,,,,
,Jarmo,,,W-665,soil,ashy soil,11200,200,,"Rubin and Alexander 1960, Hole 1987, Kozlowski 1994a",CONTEXT,,,,,,,,,,,
,Kelek Asad Morad,CUT 6,,UBA-15576,charcoal,,9101,41,,Moradi et al. 2016,Berlin ex-orient (2016),,,,,,,,,,,
,Kelek Asad Morad,114,,UBA-15577,charcoal,,9109,42,,Moradi et al. 2016,Berlin ex-orient (2016),,,,,,,,,,,
,Kelek Asad Morad,114,,UBA-15578,charcoal,,9149,48,,Moradi et al. 2016,Berlin ex-orient (2016),,,,,,,,,,,
,M'lefaat,,,Gd-4465,charcoal,,10850,200,,Kozlowski 1994a,CONTEXT,,,,,,,,,,,
,M'lefaat,,,Gd-4483,charcoal,,12810,660,,Kozlowski 1994a,CONTEXT,,,,,,,,,,,
,M'lefaat,,,Gd-4652,charcoal,,13860,300,,Kozlowski 1994a,CONTEXT,,,,,,,,,,,
,M'lefaat,,,Gd-4658,charcoal,,12360,280,,Kozlowski 1994a,CONTEXT,,,,,,,,,,,
,M'lefaat,,,Gd-6149,charcoal,,10290,180,,Kozlowski 1994a,CONTEXT,,,,,,,,,,,
,M'lefaat,,,Gd-6150,charcoal,,10890,140,,Kozlowski 1994a,CONTEXT,,,,,,,,,,,
,M'lefaat,,,Gd-6356,charcoal,,9630,130,,Kozlowski 1994a,CONTEXT,,,,,,,,,,,
,M'lefaat,,,Gd-6363,charcoal,,13540,180,,Kozlowski 1994a,CONTEXT,,,,,,,,,,,
,M'lefaat,,,OxA-3747,plant remains,Lens,9870,140,,Kozlowski 1994a,Roberts et al. 2017,,,,,,,,,,,
,M'lefaat,,,OxA-3748,plant remains,Lens,9890,120,,Kozlowski 1994a,Roberts et al. 2017,,,,,,,,,,,
,M'lefaat,,,OxA-3749,plant remains,carbinized grain,9660,250,,Kozlowski 1994a,CONTEXT,,,,,,,,,,,
,M'lefaat,,,OxA-3810,plant remains,Lens,9680,100,,,Roberts et al. 2017,,,,,,,,,,,
,M'lefaat,,,OxA-3819,plant remains,carbinized grain,9680,100,,"Kozlowski 1994a, Waterbolk 1994",CONTEXT,,,,,,,,,,,
,Madhhur,,,BM-1458,plant remains,carbinized grain,5570,55,,Burleigh et al. 1982a,CONTEXT,,,,,,,,,,,
,Magzaliyah,,,IGAN-772,charcoal,,8010,50,,"Bader 1989, Kozlowski 1994a",CONTEXT,,,,,,,,,,,
,Magzaliyah,,,IGAN-773,charcoal,,7490,50,,"Bader 1989, Kozlowski 1994a",CONTEXT,,,,,,,,,,,
,Mahtaj,,(1005) RN 2010,AAR-26660,Dung?,,8022,32,-25.99,TCEC,TCEC,,,,,,,,,,,Material uncertain
,Mahtaj,,(1002) RN 2023,AAR-26661,Dung?,,8123,40,-24.67,TCEC,TCEC,,,,,,,,,,,Material uncertain
,Mahtaj,,(1002) RN 2028,AAR-26662,Dung?,,7918,34,-25.46,TCEC,TCEC,,,,,,,,,,,Material uncertain
,Mahtaj,,(2003) RN 2088,AAR-26663,Dung?,,8068,37,-27.26,TCEC,TCEC,,,,,,,,,,,Material uncertain
,Mahtaj,,(2005) RN 2093,AAR-26664,Dung?,,34517,267,-26.21,TCEC,TCEC,,,,,,,,,,,Material uncertain
,Mahtaj,,(3002) RN 2128,AAR-26665,Dung?,,8125,42,-25.55,TCEC,TCEC,,,,,,,,,,,Material uncertain
,Mahtaj,,(3003) RN 2141,AAR-26666,Dung?,,7958,32,-25.23,TCEC,TCEC,,,,,,,,,,,Material uncertain
,Mahtaj,,(3003) RN 2142,AAR-26667,Dung?,,8070,32,-25.26,TCEC,TCEC,,,,,,,,,,,Material uncertain
,Mahtaj,,(3006) RN 2185,AAR-26668,Dung?,,8041,32,-26.78,TCEC,TCEC,,,,,,,,,,,Material uncertain
,Mahtaj,,(3006) RN 2186,AAR-26669,Dung?,,8042,36,-25.61,TCEC,TCEC,,,,,,,,,,,Material uncertain
,Mahtaj,,(1015) RN 2199,AAR-26670,plant remains,Salicaceae,7762,31,-26,TCEC,TCEC,,,,,,,,,,,Material uncertain
,Mahtaj,,(1018) RN 2211,AAR-26671,Dung?,,32396,209,-26.24,TCEC,TCEC,,,,,,,,,,,Material uncertain
,Malyan,,,TUNC-31,unknown,,4815,91,,"Iran 10 1972, Renfrew 1978",CONTEXT,,,,,,,,,,,
,Matarrah,,,W-623,charcoal,,7570,250,,"Rubin and Alexander 1960, Bernbeck 1994",CONTEXT,,,,,,,,,,,
,Nemrik 9,,,Gd-2637,charcoal,,8440,130,,"Pazdur 1992, Kozlowski 1994a",CONTEXT,,,,,,,,,,,
,Nemrik 9,,,Gd-2713,shell,,9470,140,,"Pazdur 1992, Kozlowski 1994a",CONTEXT,,,,,,,,,,,
,Nemrik 9,,,Gd-2714,shell,,10900,140,,"Pazdur 1992, Kozlowski 1994a",CONTEXT,,,,,,,,,,,
,Nemrik 9,,,Gd-2766,charcoal,,9570,130,,"Pazdur 1992, Kozlowski 1994a",CONTEXT,,,,,,,,,,,
,Nemrik 9,,,Gd-2773,charcoal,,9480,170,,"Pazdur 1992, Kozlowski 1994a, Banadora",CONTEXT,,,,,,,,,,,
,Nemrik 9,,,Gd-2775,charcoal,,25200,670,,"Pazdur 1992, Kozlowski 1994a, Banadora",CONTEXT,,,,,,,,,,,
,Nemrik 9,,,Gd-2777,charcoal,,10180,130,,"Pazdur 1992, Kozlowski 1994a",CONTEXT,,,,,,,,,,,
,Nemrik 9,,,Gd-2778,charcoal,,9010,170,,"Pazdur 1992, Kozlowski 1994a",CONTEXT,,,,,,,,,,,
,Nemrik 9,,,Gd-2935,charcoal,,7640,110,,Kozlowski 1994a,CONTEXT,,,,,,,,,,,
,Nemrik 9,,,Gd-2936,charcoal,,9170,130,,Kozlowski 1994a,CONTEXT,,,,,,,,,,,
,Nemrik 9,,,Gd-2937,charcoal,,9740,150,,Kozlowski 1994a,CONTEXT,,,,,,,,,,,
,Nemrik 9,,,Gd-2963,charcoal,,9780,130,,Kozlowski 1994a,CONTEXT,,,,,,,,,,,
,Nemrik 9,,,Gd-2966,charcoal,,9440,160,,Kozlowski 1994a,CONTEXT,,,,,,,,,,,
,Nemrik 9,,,Gd-2967,charcoal,,37700,0,,Kozlowski 1994a,CONTEXT,,,,,,,,,,,
,Nemrik 9,,,Gd-2969,charcoal,,13000,2400,,Kozlowski 1994a,CONTEXT,,,,,,,,,,,
,Nemrik 9,,,Gd-2970,charcoal,,10070,120,,Kozlowski 1994a,CONTEXT,,,,,,,,,,,
,Nemrik 9,,,Gd-2971,charcoal,,10330,150,,Kozlowski 1994a,CONTEXT,,,,,,,,,,,
,Nemrik 9,,,Gd-2972,charcoal,,9490,170,,Kozlowski 1994a,CONTEXT,,,,,,,,,,,
,Nemrik 9,,,Gd-2973,charcoal,,10400,190,,Kozlowski 1994a,CONTEXT,,,,,,,,,,,
,Nemrik 9,,,Gd-4118,charcoal,,11300,200,,"Pazdur 1992, Kozlowski 1994a",CONTEXT,,,,,,,,,,,
,Nemrik 9,,,Gd-4193,charcoal,,9500,130,,"Pazdur 1992, Kozlowski 1994a",CONTEXT,,,,,,,,,,,
,Nemrik 9,,,Gd-4194,charcoal,,5200,450,,"Pazdur 1992, Kozlowski 1994a",CONTEXT,,,,,,,,,,,
,Nemrik 9,,,Gd-4204,charcoal,,7980,140,,"Pazdur 1992, Kozlowski 1994a",CONTEXT,,,,,,,,,,,
,Nemrik 9,,,Gd-4205,charcoal,,9000,150,,"Pazdur 1992, Kozlowski 1994a",CONTEXT,,,,,,,,,,,
,Nemrik 9,,,Gd-4207,charcoal,,8700,110,,"Pazdur 1992, Kozlowski 1994a, Banadora",CONTEXT,,,,,,,,,,,
,Nemrik 9,,,Gd-4208,charcoal,,10100,130,,"Pazdur 1992, Kozlowski 1994a",CONTEXT,,,,,,,,,,,
,Nemrik 9,,,Gd-4209,charcoal,,10040,130,,"Pazdur 1992, Kozlowski 1994a",CONTEXT,,,,,,,,,,,
,Nemrik 9,,,Gd-4210,charcoal,,10180,190,,"Pazdur 1992, Kozlowski 1994a",CONTEXT,,,,,,,,,,,
,Nemrik 9,,,Gd-4211,charcoal,,10260,170,,"Pazdur 1992, Kozlowski 1994a",CONTEXT,,,,,,,,,,,
,Nemrik 9,,,Gd-4212,charcoal,,10480,180,,"Pazdur 1992, Kozlowski 1994a",CONTEXT,,,,,,,,,,,
,Nemrik 9,,,Gd-4213,charcoal,,9410,550,,"Pazdur 1992, Kozlowski 1994a",CONTEXT,,,,,,,,,,,
,Nemrik 9,,,Gd-4214,charcoal,,27000,0,,"Pazdur 1992, Kozlowski 1994a",CONTEXT,,,,,,,,,,,
,Nemrik 9,,,Gd-4215,charcoal,,26000,0,,"Pazdur 1992, Kozlowski 1994a",CONTEXT,,,,,,,,,,,
,Nemrik 9,,,Gd-4222,charcoal,,8180,120,,"Pazdur 1992, Kozlowski 1994a, Waterbolk 1994",CONTEXT,,,,,,,,,,,
,Nemrik 9,,,Gd-4223,charcoal,,20800,550,,"Pazdur 1992, Kozlowski 1994a",CONTEXT,,,,,,,,,,,
,Nemrik 9,,,Gd-4224,charcoal,,9930,230,,"Pazdur 1992, Kozlowski 1994a",CONTEXT,,,,,,,,,,,
,Nemrik 9,,,Gd-4364,charcoal,,9030,400,,Kozlowski 1994a,CONTEXT,,,,,,,,,,,
,Nemrik 9,,,Gd-4365,charcoal,,9140,150,,Kozlowski 1994a,CONTEXT,,,,,,,,,,,
,Nemrik 9,,,Gd-4370,charcoal,,12550,1000,,Kozlowski 1994a,CONTEXT,,,,,,,,,,,
,Nemrik 9,,,Gd-4371,charcoal,,9770,520,,Kozlowski 1994a,CONTEXT,,,,,,,,,,,
,Nemrik 9,,,Gd-4372,charcoal,,9770,240,,Kozlowski 1994a,CONTEXT,,,,,,,,,,,
,Nemrik 9,,,Gd-4453,charcoal,,9630,160,,Kozlowski 1994a,CONTEXT,,,,,,,,,,,
,Nemrik 9,,,Gd-4463,charcoal,,8910,220,,Kozlowski 1994a,CONTEXT,,,,,,,,,,,
,Nemrik 9,,,Gd-4469,charcoal,,11090,190,,Kozlowski 1994a,CONTEXT,,,,,,,,,,,
,Nemrik 9,,,Gd-4473,charcoal,,12240,340,,Kozlowski 1994a,CONTEXT,,,,,,,,,,,
,Nemrik 9,,,Gd-4474,charcoal,,9640,300,,Kozlowski 1994a,CONTEXT,,,,,,,,,,,
,Nemrik 9,,,Gd-4475,charcoal,,10370,330,,Kozlowski 1994a,CONTEXT,,,,,,,,,,,
,Nemrik 9,,,Gd-4476,charcoal,,13600,900,,Kozlowski 1994a,CONTEXT,,,,,,,,,,,
,Nemrik 9,,,Gd-4477,charcoal,,11150,560,,Kozlowski 1994a,CONTEXT,,,,,,,,,,,
,Nemrik 9,,,Gd-4478,charcoal,,10700,190,,Kozlowski 1994a,CONTEXT,,,,,,,,,,,
,Nemrik 9,,,Gd-5110,shell,,7470,60,,"Pazdur 1992, Kozlowski 1994a",CONTEXT,,,,,,,,,,,
,Nemrik 9,,,Gd-5111,shell,,8630,70,,"Pazdur 1992, Kozlowski 1994a",CONTEXT,,,,,,,,,,,
,Nemrik 9,,,Gd-5116,charcoal,,33300,1100,,"Pazdur 1992, Kozlowski 1994a",CONTEXT,,,,,,,,,,,
,Nemrik 9,,,Gd-5186,charcoal,or shell?,9170,90,,"Pazdur 1992, Kozlowski 1994a",CONTEXT,,,,,,,,,,,
,Nemrik 9,,,Gd-5237,charcoal,,40000,0,,"Pazdur 1992, Kozlowski 1994a",CONTEXT,,,,,,,,,,,
,Nemrik 9,,,Gd-5240,charcoal,,9130,60,,"Pazdur 1992, Kozlowski 1994a",CONTEXT,,,,,,,,,,,
,Nemrik 9,,,Gd-5249,charcoal,,11180,90,,"Pazdur 1992, Kozlowski 1994a",CONTEXT,,,,,,,,,,,
,Nemrik 9,,,Gd-5257,charcoal,,10020,80,,"Pazdur 1992, Kozlowski 1994a",CONTEXT,,,,,,,,,,,
,Nemrik 9,,,Gd-5421,charcoal,,9250,70,,Kozlowski 1994a,CONTEXT,,,,,,,,,,,
,Nemrik 9,,,Gd-5422,charcoal,,8750,80,,Kozlowski 1994a,CONTEXT,,,,,,,,,,,
,Nemrik 9,,,Gd-5424,charcoal,,9140,90,,Kozlowski 1994a,CONTEXT,,,,,,,,,,,
,Nemrik 9,,,Gd-5425,charcoal,,9140,90,,Kozlowski 1994a,CONTEXT,,,,,,,,,,,
,Nemrik 9,,,Gd-5440,charcoal,,18250,220,,Kozlowski 1994a,CONTEXT,,,,,,,,,,,
,Nemrik 9,,,Gd-5443,charcoal,,9420,90,,Kozlowski 1994a,CONTEXT,,,,,,,,,,,
,Nemrik 9,,,Gd-5451,charcoal,,10700,120,,Kozlowski 1994a,CONTEXT,,,,,,,,,,,
,Nemrik 9,,,Gd-5595,charcoal,,9950,100,,Kozlowski 1994a,CONTEXT,,,,,,,,,,,
,Nemrik 9,,,Gd-6108,charcoal,,8300,130,,Kozlowski 1994a,CONTEXT,,,,,,,,,,,
,Nemrik 9,,,Gd-6110,charcoal,,9970,170,,Kozlowski 1994a,CONTEXT,,,,,,,,,,,
,Nemrik 9,,,Gd-6111,charcoal,,10130,180,,Kozlowski 1994a,CONTEXT,,,,,,,,,,,
,Nemrik 9,,,Gd-6113,charcoal,,8570,150,,Kozlowski 1994a,CONTEXT,,,,,,,,,,,
,Nemrik 9,,,Gd-6119,charcoal,,8300,150,,Kozlowski 1994a,CONTEXT,,,,,,,,,,,
,Nemrik 9,,,Gd-6120,charcoal,,9530,140,,Kozlowski 1994a,CONTEXT,,,,,,,,,,,
,Nemrik 9,,,Gd-6121,charcoal,,9780,180,,Kozlowski 1994a,CONTEXT,,,,,,,,,,,
,Nemrik 9,,,Gd-6127,charcoal,,9800,160,,Kozlowski 1994a,CONTEXT,,,,,,,,,,,
,Nemrik 9,,,Gd-6128,charcoal,,9870,160,,Kozlowski 1994a,CONTEXT,,,,,,,,,,,
,Nemrik 9,,,Gd-6129,charcoal,,9510,150,,Kozlowski 1994a,CONTEXT,,,,,,,,,,,
,Nemrik 9,,,Gd-6130,charcoal,,9230,160,,Kozlowski 1994a,CONTEXT,,,,,,,,,,,
,Nemrik 9,,,Gd-6131,charcoal,,9370,120,,Kozlowski 1994a,CONTEXT,,,,,,,,,,,
,Nemrik 9,,,Gd-6143,charcoal,,9990,140,,Kozlowski 1994a,CONTEXT,,,,,,,,,,,
,Nemrik 9,,,Gd-6148,charcoal,,9720,130,,Kozlowski 1994a,CONTEXT,,,,,,,,,,,
,Nemrik 9,,,Gd-6152,charcoal,,9800,130,,Kozlowski 1994a,CONTEXT,,,,,,,,,,,
,Palegawra,,,Beta-159542,bone,,11210,110,,,Roberts et al. 2017,,,,,,,,,,,
,Palegawra,,,Beta-159543,bone,,12510,90,,,Roberts et al. 2017,,,,,,,,,,,
,Palegawra,,,Beta-159544,bone,,10170,70,,,Roberts et al. 2017,,,,,,,,,,,
,Palegawra,,,Beta-159545,bone,,8790,70,,,Roberts et al. 2017,,,,,,,,,,,
,Palegawra,,,GrN-6356,charcoal,,13060,110,,"Henry and Servello 1974, Kozlowski 1994a",CONTEXT,,,,,,,,,,,
,Palegawra,,,GrN-6357,charcoal,,14480,75,,"Henry and Servello 1974, Kozlowski 1994a",CONTEXT,,,,,,,,,,,
,Palegawra,,,GrN-6358,charcoal,,14350,280,,"Henry and Servello 1974, Kozlowski 1994a",CONTEXT,,,,,,,,,,,
,Palegawra,,,GrN-6415,charcoal,,11590,95,,"Henry and Servello 1974, Kozlowski 1994a",CONTEXT,,,,,,,,,,,
,Palegawra,Zarzian,80–100 cm depth,UCLA-1703A,bone collagen,,13350,460,,Turnbull & Reed 1974,,3,1,3,1,2,3,2,1,3,19,
,Palegawra,,,UCLA-1703D,bone collagen,,14210,80,,Kozlowski 1994a,CONTEXT,,,,,,,,,,,
,Palegawra,Zarzian,120 cm depth,UCLA-1714D,bone collagen,Ovicaprid,14400,760,,Turnbull & Reed 1974,,3,1,3,1,2,3,2,1,3,19,
,Qermez Dere,,,OxA-3752,unknown,,10145,90,,Banadora,CONTEXT,,,,,,,,,,,
,Qermez Dere,,,OxA-3753,unknown,,11990,100,,Banadora,CONTEXT,,,,,,,,,,,
,Qermez Dere,,,OxA-3754,unknown,,9580,95,,Banadora,CONTEXT,,,,,,,,,,,
,Qermez Dere,,,OxA-3755,unknown,,9710,85,,Banadora,CONTEXT,,,,,,,,,,,
,Qermez Dere,,,OxA-3756,unknown,,10115,95,,Banadora,CONTEXT,,,,,,,,,,,
,Qermez Dere,,,OxA-3757,unknown,,9640,85,,Banadora,CONTEXT,,,,,,,,,,,
,Sabz,,,I-1493,charcoal,,6470,160,,"Buckley et al. 1968, Hole 1987",CONTEXT,,,,,,,,,,,
,Sabz,,,I-1497,charcoal,,6740,190,,"Buckley et al. 1968, Hole 1987",CONTEXT,,,,,,,,,,,
,Sabz,,,I-1499,charcoal,,6050,140,,"Hole et al. 1969, Hole 1987",CONTEXT,,,,,,,,,,,
,Sabz,,,I-1500,wood,,5410,160,,"Buckley et al. 1968, Hole 1987",CONTEXT,,,,,,,,,,,
,Sabz,,,I-1501,charcoal,,7460,160,,"Buckley et al. 1968, Hole 1987",CONTEXT,,,,,,,,,,,
,Sabz,,,I-1502,wood,,6060,140,,"Buckley et al. 1968, Hole 1987",CONTEXT,,,,,,,,,,,
,Sabz,,,I-1503,wood,,5860,230,,"Hole et al. 1969, Hole 1987",CONTEXT,,,,,,,,,,,
,Sabz,,,SI-156,wood,,5770,120,,"Long and Mielke 1966, Hole 1987",CONTEXT,,,,,,,,,,,
,Sabz,,,SI-203,charcoal,,6170,200,,"Long and Mielke 1967, Hole 1987",CONTEXT,,,,,,,,,,,
,Sabz,,,SI-204,charcoal,,6060,200,,"Long and Mielke 1967, Hole 1987",CONTEXT,,,,,,,,,,,
,Sabz,,,SI-205,wood,Tamarix,5700,250,,"Long and Mielke 1967, Hole 1987",CONTEXT,,,,,,,,,,,
,Sabz,,,SI-206,charcoal,,7200,1000,,"Long and Mielke 1967, Hole 1987",CONTEXT,,,,,,,,,,,
,Sabz,,,UCLA-750A,charcoal,,6070,100,,"Berger et al. 1965, Hole 1987",CONTEXT,,,,,,,,,,,
,Sabz,,,UCLA-750B,charcoal,,6925,200,,"Berger et al. 1965, Hole 1987",CONTEXT,,,,,,,,,,,
,Sabz,,,UCLA-750C,charcoal,,9050,160,,"Berger et al. 1965, Hole 1987",CONTEXT,,,,,,,,,,,
,Seh Gabi B,,,SI-4909,unknown,,5500,60,,"Henrickson 1983, Voigt and Dyson 1992",CONTEXT,,,,,,,,,,,
,Seh Gabi B,,,SI-4910,unknown,,5020,70,,"Henrickson 1983, Voigt and Dyson 1992",CONTEXT,,,,,,,,,,,
,Seh Gabi B,,,SI-4911,unknown,,5240,60,,"Henrickson 1983, Voigt and Dyson 1992",CONTEXT,,,,,,,,,,,
,Seh Gabi B,,,SI-4912,unknown,,5180,50,,"Henrickson 1983, Voigt and Dyson 1992",CONTEXT,,,,,,,,,,,
,Seh Gabi B,,,SI-4913,unknown,,5430,50,,"Henrickson 1983, Voigt and Dyson 1992",CONTEXT,,,,,,,,,,,
,Seh Gabi B,,,SI-4914,unknown,,5160,85,,"Henrickson 1983, Voigt and Dyson 1992",CONTEXT,,,,,,,,,,,
,Seh Gabi B,,,SI-4915,unknown,,5630,80,,"Henrickson 1983, Voigt and Dyson 1992",CONTEXT,,,,,,,,,,,
,Seh Gabi C,,,SI-2668,unknown,,6220,80,,"Levine et al. 1977, Hole 1987",CONTEXT,,,,,,,,,,,
,Seh Gabi C,,,SI-2669,unknown,,6195,105,,"Levine et al. 1977, Hole 1987",CONTEXT,,,,,,,,,,,
,Seh Gabi C,,,SI-2670,unknown,,6055,80,,"Levine et al. 1977, Hole 1987",CONTEXT,,,,,,,,,,,
TCEC56,Sheikh-e Abad,,"Trench 2, C617, ash layer, S65",Beta-258646,plant remains,Vicia ervilia,8840,60,-23.2,Matthews et al. 2013b,,,,,,,,,,,,
TCEC56,Sheikh-e Abad,,"Trench 1, C512, ash layer, S75",Beta-258647,plant remains,Astragalus,10130,60,,Matthews et al. 2013b,,,,,,,,,,,,
TCEC56,Sheikh-e Abad,,"Trench 3, C800, Building 2, 'shrine' floor, S800a",Beta-258648,bone collagen,Ovicaprid,8600,40,-18.9,Matthews et al. 2013b,,,,,,,,,,,,
TCEC56,Sheikh-e Abad,,"Trench 1, C515, ash layer, S2",Beta-267508,charcoal,,9970,50,-23.8,Matthews et al. 2013b,,,,,,,,,,,,
TCEC56,Sheikh-e Abad,,"Trench 1, C511, ash layer, S68",Beta-267509,plant remains,Poaceae,9730,60,-22.7,Matthews et al. 2013b,,,,,,,,,,,,
,Shimshara,,,K-951,ceramic,,7940,150,,"Tauber 1968, Hole 1987, Bernbeck 1994",CONTEXT,,,,,,,,,,,
,Shimshara,,,K-960,unknown,,7300,150,,"Tauber 1968, Hole 1987, Bernbeck 1994",CONTEXT,,,,,,,,,,,
,Shimshara,,,K-972,ceramic,,7820,150,,"Tauber 1968, Hole 1987, Bernbeck 1994",CONTEXT,,,,,,,,,,,
,Shimshara,,,K-981,ceramic,,10030,160,,"Tauber 1968, Hole 1987, Bernbeck 1994",CONTEXT,,,,,,,,,,,
,Siabid,,,P-442,charcoal,charcoal and clay,5815,83,,"Stuckenrath 1963, Hole 1987",CONTEXT,,,,,,,,,,,
,Siabid,,,QU-1035,unknown,,5870,120,,"Henrickson 1983, Hole 1987, Voigt and Dyson 1992",CONTEXT,,,,,,,,,,,
,Susa,,,GrN-6052,unknown,,5531,40,,Hole 1987,CONTEXT,,,,,,,,,,,
,Susa,,,GrN-6054,unknown,,5433,75,,Hole 1987,CONTEXT,,,,,,,,,,,
,Susa,,,P-912,unknown,,5581,72,,Hole 1987,CONTEXT,,,,,,,,,,,
,Susa,,,TUNC-58,unknown,,5665,121,,Hole 1987,CONTEXT,,,,,,,,,,,
,Susa,,,TUNC-59,unknown,,4636,93,,"Stuckenrath and Mielke 1973, Renfrew 1978",CONTEXT,,,,,,,,,,,
,Susa,,,UNKNOWN-004,unknown,,5093,105,,Hole 1987,CONTEXT,,,,,,,,,,,
,Tall-e Bakun A,Level 3,"Sq. BB 27, trash heap near oven",Beta-207562,plant remains,,5560,40,,Alizadeh 2006,Alizadeh 2006,,,,,,,,,,,
,Tall-e Bakun A,Level 4,"Sq. BB 27, trash deposit",Beta-210983,plant remains,,5570,40,,Alizadeh 2006,Alizadeh 2006,,,,,,,,,,,
,Tall-e Bakun B,Bakun B2,"Stratigraphic trench, 1.90 m above virgin soil, occupational debris",Beta-210985,plant remains,,6460,40,,Alizadeh 2006,Alizadeh 2006,,,,,,,,,,,
,Tall-i Jari A,Bakun B1,"20 cm above virgin soil, occupational debris",AA-63492,bone,,6280,69,,Alizadeh 2006,Alizadeh 2006,,,,,,,,,,,
,Tall-i Jari A,Bakun B1,"Feature 13, Oven",Beta-207564,plant remains,,6170,40,,Alizadeh 2006,Alizadeh 2006,,,,,,,,,,,
,Tall-i Jari A,Bakun B1,"Feature 9, Oven",Beta-210982,plant remains,,6010,40,,Alizadeh 2006,Alizadeh 2006,,,,,,,,,,,
,Tall-i Jari B,Level 8,"WT, Layer 6, R5a",AA-56410,bone,,7173,71,-17.2,Mashkour et al. 2006,Nishiaki 2017,,,,,,,,,,,
,Tall-i Jari B,Level 4,"AIII, Layer 5, R7-fill",AA-56411,bone,,7259,74,-13.7,Mashkour et al. 2006,Nishiaki 2017,,,,,,,,,,,
,Tall-i Jari B,Level 1,"C, Layer 2",AA-56412,bone,,6939,72,-17.6,Mashkour et al. 2006,Nishiaki 2017,,,,,,,,,,,
,Tall-i Jari B,Level 1,"AIII, Layer 1–2",AA-56413,bone,,6867,50,-19.4,Mashkour et al. 2006,Nishiaki 2017,,,,,,,,,,,
,Tall-i Jari B,Level 4,"WT, Layer 2, R1-fill",AA-56415,bone,,7127,69,-15.5,Mashkour et al. 2006,Nishiaki 2017,,,,,,,,,,,
,Tall-i Jari B,,"50 cm above virgin soil, occupational debris",AA-65264,bone,,7297,45,,Alizadeh 2006,Nishiaki 2017,,,,,,,,,,,
,Tall-i Jari B,,"-1.65 m below surface, oven?",Beta-207565,bone,,7140,40,,Alizadeh 2006,Nishiaki 2017,,,,,,,,,,,
,Tall-i Mushki,Level 3,MS-K11-3a,AA-56409,bone collagen,,7347,71,-18,Mashkour et al. 2006,Nishiaki 2017,,,,,,,,,,,
,Tall-i Mushki,Level 22,Above virgin soil,AA-63493,plant remains,,7707,76,,Alizadeh 2006,Nishiaki 2017,,,,,,,,,,,Discrepency between Alizadeh's levels and Nishiaki's levels?
,Tall-i Mushki,Level 17,Burnt surface,Beta-207563,plant remains,,7220,40,,Alizadeh 2006,Nishiaki 2017,,,,,,,,,,,Discrepency between Alizadeh's levels and Nishiaki's levels?
,Tall-i Mushki,Level 12,Occupational debris,Beta-210984,plant remains,,7250,40,,Alizadeh 2006,Nishiaki 2017,,,,,,,,,,,Discrepency between Alizadeh's levels and Nishiaki's levels?
,Tall-i Mushki,Level 2,,TK-34,charcoal,,8640,120,,Fukai et al. 1973,Nishiaki 2017,,,,,,,,,,,
,Tall-i Mushki,Level 2,,TK-35a,bone mineral,,3610,110,,Fukai et al. 1973,Nishiaki 2017,0,,,1,,,,,,,"TK-35a and TK-35b ""based on the same animal bone, using inorganic and organic materials respectively"" (Nishiaki 2017: 3)"
,Tall-i Mushki,Level 2,,TK-35b,bone collagen,,6800,600,,Fukai et al. 1973,Nishiaki 2017,,,,,,,,,,,"TK-35a and TK-35b ""based on the same animal bone, using inorganic and organic materials respectively"" (Nishiaki 2017: 3)"
,Tall-i Mushki,Level 3,MS-L12-3a,TK-571,charcoal,,7270,80,,Nishiaki 2017,Nishiaki 2017,,,,,,,,,,,"Date obtained 1984, but not published until 2017"
,Tall-i Mushki,Level 3,MS-K11-3,TKa-13814,charcoal,,7410,35,,Nishiaki 2017,Nishiaki 2017,,,,,,,,,,,
,Tall-i Mushki,Level 3,MS-K11-3,TKa-13815,charcoal,,7455,35,,Nishiaki 2017,Nishiaki 2017,,,,,,,,,,,
,Tall-i Mushki,Level 3,MS-K12-3a,TKa-13816,charcoal,,7420,40,,Nishiaki 2017,Nishiaki 2017,,,,,,,,,,,
,Tall-i Mushki,Level 2,MS-L11-2a1,TKa-13817,charcoal,,7425,35,,Nishiaki 2017,Nishiaki 2017,,,,,,,,,,,
,Tall-i Mushki,Level 4,MS-L11-4,TKa-13818,charcoal,,7370,30,,Nishiaki 2017,Nishiaki 2017,,,,,,,,,,,
,Tall-i Mushki,Level 2,MS-L12-2a1/2/3,TKa-13819,charcoal,,7370,35,,Nishiaki 2017,Nishiaki 2017,,,,,,,,,,,
,Tall-i Mushki,Level 2,MS-L12-2b1,TKa-13820,charcoal,,7330,35,,Nishiaki 2017,Nishiaki 2017,,,,,,,,,,,
,Tall-i Mushki,Level 1,MS-L12-1b (Room 8),TKa-13821,charcoal,,7270,150,,Nishiaki 2017,Nishiaki 2017,,,,,,,,,,,
TCEC53,Tapeh Abdul Hosein,12032,,GX-6353,charcoal,,8100,255,,Pullar 1981; Pullar 1990,Darabi 2015 (BAR),,,,,,,,,,,
TCEC53,Tapeh Abdul Hosein,12053,,GX-6355,charcoal,,8665,195,,Pullar 1981; Pullar 1990,Darabi 2015 (BAR),,,,,,,,,,,
TCEC53,Tapeh Abdul Hosein,11045,,GX-6356,charcoal,,8945,275,,Pullar 1981; Pullar 1990,Darabi 2015 (BAR),,,,,,,,,,,
TCEC53,Tapeh Abdul Hosein,11021,,GX-6357,charcoal,,8935,245,,Pullar 1981; Pullar 1990,Darabi 2015 (BAR),,,,,,,,,,,
TCEC53,Tapeh Abdul Hosein,11051,,GX-6358,charcoal,,7485,280,,Pullar 1981; Pullar 1990,Darabi 2015 (BAR),,,,,,,,,,,
TCEC53,Tapeh Abdul Hosein,11061,,GX-6359,charcoal,,8655,240,,Pullar 1981; Pullar 1990,Darabi 2015 (BAR),,,,,,,,,,,
TCEC52,Tapeh Sarab,1A,,B-159547,bone collagen,,7470,70,,Zeder 2008b,Darabi 2015 (BAR),,,,,,,,,,,
TCEC52,Tapeh Sarab,3,,B-159548,bone collagen,,7950,60,,Zeder 2008b,Darabi 2015 (BAR),,,,,,,,,,,
TCEC52,Tapeh Sarab,5,,B-159549,bone collagen,,7800,60,,Zeder 2008b,Darabi 2015 (BAR),,,,,,,,,,,
TCEC52,Tapeh Sarab,4,,B-159550,bone collagen,,8070,60,,Zeder 2008b,Darabi 2015 (BAR),,,,,,,,,,,
TCEC52,Tapeh Sarab,SI-4,,P-465,charcoal,,7610,100,,Voigt & Dyson 1992,Darabi 2015 (BAR),,,,,,,,,,,
TCEC52,Tapeh Sarab,SI-5,,P-466,charcoal,,7960,100,,Voigt & Dyson 1992,Darabi 2015 (BAR),,,,,,,,,,,
TCEC52,Tapeh Sarab,SI-1,,P-467,charcoal,,7640,90,,Voigt & Dyson 1992,Darabi 2015 (BAR),,,,,,,,,,,
TCEC52,Tapeh Sarab,,,UCLA-1714A,,,7850,0,,Mellaart 1975,Darabi 2015 (BAR),,,,,,,,,,,
,Telul eth-Thalathat II,,,TK-198,unknown,,7800,80,,"Fukai et al. 1981, Bernbeck 1994",CONTEXT,,,,,,,,,,,
,Telul eth-Thalathat II,,,TK-199a,charcoal,,6340,390,,"Fukai et al. 1981, Kozlowski 1994a",CONTEXT,,,,,,,,,,,
,Telul eth-Thalathat II,,,TK-199b,charcoal,,6680,290,,"Fukai et al. 1981, Kozlowski 1994a",CONTEXT,,,,,,,,,,,
,Telul eth-Thalathat II,,,TK-23,unknown,carbinized herb,7360,100,,"Sato et al. 1969, Bernbeck 1994, Banadora",CONTEXT,,,,,,,,,,,
,Telul eth-Thalathat II,,,TK-24,charcoal,charcoal and carbonized herbs,7520,120,,"Sato et al. 1969, Bernbeck 1994",CONTEXT,,,,,,,,,,,
,Telul eth-Thalathat II,,,TKa-13418,charcoal,,7520,60,,,Roberts et al. 2017,,,,,,,,,,,
,Telul eth-Thalathat II,,,TKa-13420,charcoal,,7600,60,,,Roberts et al. 2017,,,,,,,,,,,
,Telul eth-Thalathat II,,,TKa-13421,charcoal,,7620,50,,,Roberts et al. 2017,,,,,,,,,,,
TCEC51,Tepe Guran,D,,B-147111,bone collagen,,7630,60,,Zeder 2008b,Darabi 2015 (BAR),,,,,,,,,,,
TCEC51,Tepe Guran,F,,B-147112,bone collagen,,7260,40,,Zeder 2008b,Darabi 2015 (BAR),,,,,,,,,,,
TCEC51,Tepe Guran,H,,B-147113,bone collagen,,7950,40,,Zeder 2008b,Darabi 2015 (BAR),,,,,,,,,,,
TCEC51,Tepe Guran,K,,B-147114,bone collagen,,7080,60,,Zeder 2008b,Darabi 2015 (BAR),,,,,,,,,,,
TCEC51,Tepe Guran,L,,B-147115,bone collagen,,7940,40,,Zeder 2008b,Darabi 2015 (BAR),,,,,,,,,,,
TCEC51,Tepe Guran,N,,B-147116,bone collagen,,3690,40,,Zeder 2008b,Darabi 2015 (BAR),,,,,,,,,,,
TCEC51,Tepe Guran,P,,B-147117,bone collagen,,7890,40,,Zeder 2008b,Darabi 2015 (BAR),,,,,,,,,,,
TCEC51,Tepe Guran,Q,,B-147118,bone collagen,,8070,40,,Zeder 2008b,Darabi 2015 (BAR),,,,,,,,,,,
TCEC51,Tepe Guran,R,,B-147119,bone collagen,,8000,50,,Zeder 2008b,Darabi 2015 (BAR),,,,,,,,,,,
TCEC51,Tepe Guran,U,,B-147120,bone collagen,,8060,40,,Zeder 2008b,Darabi 2015 (BAR),,,,,,,,,,,
TCEC51,Tepe Guran,V,,B-147121,bone collagen,,7820,50,,Zeder 2008b,Darabi 2015 (BAR),,,,,,,,,,,
TCEC51,Tepe Guran,T,,B-147122,bone collagen,,8170,40,,Zeder 2008b,Darabi 2015 (BAR),,,,,,,,,,,
TCEC51,Tepe Guran,L,,B-177116,bone collagen,,8130,40,,Zeder 2008b,Darabi 2015 (BAR),,,,,,,,,,,
TCEC51,Tepe Guran,V,,B-177117,bone collagen,,8280,40,,Zeder 2008b,Darabi 2015 (BAR),,,,,,,,,,,
TCEC51,Tepe Guran,H,,B-177131,bone collagen,,7810,40,,Zeder 2008b,Darabi 2015 (BAR),,,,,,,,,,,
TCEC51,Tepe Guran,U,,K-1006,charcoal,Pistacia,8410,200,,"Tauber 1968, Hole 1987a",Darabi 2015 (BAR),,,,,,,,,,,
TCEC51,Tepe Guran,H,,K-879,charcoal,,7760,150,,Hole 1987a,Darabi 2015 (BAR),,,,,,,,,,,
TCEC51,Tepe Guran,H,,UNKNOWN-001,charcoal,,5810,150,,Mortensen 2014,Darabi 2015 (BAR),,,,,,,,,,,
TCEC51,Tepe Guran,U,,UNKNOWN-002,charcoal,,6460,200,,Mortensen 2014,Darabi 2015 (BAR),,,,,,,,,,,
TCEC51,Tepe Guran,V,,UNKNOWN-003,charcoal,,6720,200,,Mortensen 2014,Darabi 2015 (BAR),,,,,,,,,,,
,Yanik,P5,,P-1243,charcoal,,6926,80,,Chataigner 1995,CONTEXT,,,,,,,,,,,
,Yanik,P7,,P-1244,charcoal,,7035,69,,Chataigner 1995,CONTEXT,,,,,,,,,,,
,Zawi Chemi Shanidar,,,W-179,charcoal,,12400,400,,"Hole and Flannery 1967, Hole 1987, Kozlowski 1994a",CONTEXT,,,,,,,,,,,
,Zawi Chemi Shanidar,,,W-667,charcoal,,10600,300,,"Rubin and Alexander 1960, Solecki, R.S. 1963, Hole 1987, Kozlowski 1994a",CONTEXT,,,,,,,,,,,
,Zawi Chemi Shanidar,,,W-681,charcoal,,10800,300,,"Rubin and Alexander 1960, Hole 1987, Kozlowski 1994a",CONTEXT,,,,,,,,,,,
,Zeribar,,,Y-1160,pollen,,14800,300,,Hole 1987,CONTEXT,,,,,,,,,,,
,Zeribar,,,Y-934,pollen,,5460,120,,Hole 1987,CONTEXT,,,,,,,,,,,